-- MySQL dump 10.13  Distrib 8.0.34, for Win64 (x86_64)
--
-- Host: localhost    Database: mydbphp
-- ------------------------------------------------------
-- Server version	8.0.35

/*!40101 SET @OLD_CHARACTER_SET_CLIENT=@@CHARACTER_SET_CLIENT */;
/*!40101 SET @OLD_CHARACTER_SET_RESULTS=@@CHARACTER_SET_RESULTS */;
/*!40101 SET @OLD_COLLATION_CONNECTION=@@COLLATION_CONNECTION */;
/*!50503 SET NAMES utf8 */;
/*!40103 SET @OLD_TIME_ZONE=@@TIME_ZONE */;
/*!40103 SET TIME_ZONE='+00:00' */;
/*!40014 SET @OLD_UNIQUE_CHECKS=@@UNIQUE_CHECKS, UNIQUE_CHECKS=0 */;
/*!40014 SET @OLD_FOREIGN_KEY_CHECKS=@@FOREIGN_KEY_CHECKS, FOREIGN_KEY_CHECKS=0 */;
/*!40101 SET @OLD_SQL_MODE=@@SQL_MODE, SQL_MODE='NO_AUTO_VALUE_ON_ZERO' */;
/*!40111 SET @OLD_SQL_NOTES=@@SQL_NOTES, SQL_NOTES=0 */;

--
-- Table structure for table `assigned_by`
--

DROP TABLE IF EXISTS `assigned_by`;
/*!40101 SET @saved_cs_client     = @@character_set_client */;
/*!50503 SET character_set_client = utf8mb4 */;
CREATE TABLE `assigned_by` (
  `assigned_by_id` int NOT NULL AUTO_INCREMENT,
  `action_description` varchar(45) DEFAULT NULL,
  `timestamp` datetime DEFAULT NULL,
  PRIMARY KEY (`assigned_by_id`)
) ENGINE=InnoDB AUTO_INCREMENT=9 DEFAULT CHARSET=utf8mb4 COLLATE=utf8mb4_0900_ai_ci;
/*!40101 SET character_set_client = @saved_cs_client */;

--
-- Dumping data for table `assigned_by`
--

LOCK TABLES `assigned_by` WRITE;
/*!40000 ALTER TABLE `assigned_by` DISABLE KEYS */;
INSERT INTO `assigned_by` VALUES (1,'add credit','2023-12-28 15:48:53'),(2,'add credit','2023-12-28 15:48:53'),(3,'add credit','2023-12-27 14:21:30'),(4,'add credit','2023-12-26 12:05:42'),(5,'add credit','2023-12-25 09:30:18'),(6,'add credit','2023-12-24 17:12:59'),(7,'add credit','2023-12-23 13:55:27'),(8,'add credit','2023-12-22 10:48:11');
/*!40000 ALTER TABLE `assigned_by` ENABLE KEYS */;
UNLOCK TABLES;

--
-- Table structure for table `contract_types`
--

DROP TABLE IF EXISTS `contract_types`;
/*!40101 SET @saved_cs_client     = @@character_set_client */;
/*!50503 SET character_set_client = utf8mb4 */;
CREATE TABLE `contract_types` (
  `idcontract_types` int NOT NULL,
  `contract_classification` varchar(45) DEFAULT NULL,
  `contract_description` varchar(45) DEFAULT NULL,
  PRIMARY KEY (`idcontract_types`)
) ENGINE=InnoDB DEFAULT CHARSET=utf8mb4 COLLATE=utf8mb4_0900_ai_ci;
/*!40101 SET character_set_client = @saved_cs_client */;

--
-- Dumping data for table `contract_types`
--

LOCK TABLES `contract_types` WRITE;
/*!40000 ALTER TABLE `contract_types` DISABLE KEYS */;
INSERT INTO `contract_types` VALUES (1,'Regular','Regular Permanent'),(2,'Regular','Regular Temporary'),(3,'Contract of Service','Contract of Service'),(4,'Professional Services Contract','The Professional Services Contract involves t'),(5,'Contract of Service','Contract of Service'),(6,'Bilateral Contract','Both parties exchange promises to perform '),(7,'Unit Price Contract','An agreement between a supplier and an entity'),(8,'Executed Contract','Open Contract'),(9,'Consultant ',' consultant contract is a legal agreement bet'),(10,'Long term Projects','Long term projects promote exploration, curio'),(11,'Time and Materials Contract','This type of contract involves payment based '),(12,'Short Term Project','Local Clinets needs extra hand for Analytics'),(13,'Act of Service','An act of service is a selfless action perfor'),(14,'REGULAR','REGULAR PERMANENT'),(15,'regular','regular permanent'),(16,'Fixed-term','A contract in which a company or an enterpris'),(17,'Relugar','Contractual'),(18,'Regular','Permanent'),(19,'Regular','Permanent'),(20,'Regular','Contractual'),(21,'Regular','Permanent'),(22,'Job Order','Project-based Contract: Once the development '),(43,'Long Term Projects','end of a sign contract'),(47,'Regular','Contractual'),(70,'Regular','Contractual'),(71,'Regular','Permanent'),(85,'Regular','Contractual'),(99,'Freelance','5 - 10 years'),(102,'Specified-purpose contract','A specified-purpose contract is a type of fix'),(103,'Fixed-Term Contract','Fixed-Term'),(106,'Regular','Contractual'),(107,'Contractual','2-3 years'),(124,'Contract-to-Hire','Initial Contract'),(143,'Regular ','Regular Permanent'),(321,'Regular','Permanent'),(345,'Regular','Permanent'),(420,'Regular','Regular Permanent'),(555,'Semi-Regular','6 months to 1 year'),(658,'Freelance','Contractor agreement for project-based work.'),(666,'Regular','Regular Permanent'),(711,'Regular','Lifetime'),(913,'Oncall Worker','Depends on availability'),(991,'Regualr','Contractual'),(1000,'Regular','Permanent'),(1010,'Regular','Permanent'),(1129,'Full-Time','Long Term'),(1216,'Regular','Regular permanent'),(1818,'Long Term','Regular Permanent'),(2121,'Regular','Permanent'),(2342,'Long Term','Regular Permanent'),(4420,'Regular','Permanent'),(6000,'Regular','Contractual '),(7000,'Regular','Contractual '),(8000,'Regular','Permanent'),(8225,'Regular','Permanent'),(12345,'Contract of Service','Contract of Service'),(20203,'Regular','Permanent'),(55555,'Fix Term Contract','Fix Term'),(90809,'2-way Contract','1-2 years contract'),(134811,'Regular','Permanent'),(200021,'Contractual','A 12months Front-End web dev contract'),(202080,'Regular','Permanent'),(302344,'Regular','Contractual'),(696969,'Regular','10 Years Contract'),(1170139,'Gig Economy Contract','This type of contract refers to arrangements '),(20231131,'Regular','Job Order Cashual'),(20801710,'Regular','Contractual'),(202080025,'Regular','Contractual'),(202080027,'Regular','Partnership Agreements'),(202080044,'Regular','Permanent'),(202080061,'Regular','Permanent'),(202080457,'Regular','Permanent'),(202080473,'Regular','Permanent'),(202080476,'Regular','Permanent'),(202143143,'Regular','Permanent'),(202180032,'1-3 years Contract','Contractual'),(202180036,'Regular','Permanent'),(202180157,'Regular','Permanent'),(202180343,'Regular','Permanent'),(218392737,'Regular','Contractual'),(2020100612,'Regular','Permanent'),(2021827171,'Fixed-term contract','Work for a set amount of time or until they c'),(2147483647,'Regular','Contractual');
/*!40000 ALTER TABLE `contract_types` ENABLE KEYS */;
UNLOCK TABLES;

--
-- Table structure for table `credits_assignment`
--

DROP TABLE IF EXISTS `credits_assignment`;
/*!40101 SET @saved_cs_client     = @@character_set_client */;
/*!50503 SET character_set_client = utf8mb4 */;
CREATE TABLE `credits_assignment` (
  `assignment_id` int NOT NULL AUTO_INCREMENT,
  `employees_id` int DEFAULT NULL,
  `assigned_by_id` int DEFAULT NULL,
  `reason` varchar(45) DEFAULT NULL,
  `credit_amount` decimal(7,2) DEFAULT NULL,
  `date_assigned` date DEFAULT NULL,
  PRIMARY KEY (`assignment_id`),
  KEY `employees_id` (`employees_id`),
  KEY `assigned_by_id` (`assigned_by_id`),
  CONSTRAINT `credits_assignment_ibfk_1` FOREIGN KEY (`employees_id`) REFERENCES `employees` (`idemployees`),
  CONSTRAINT `credits_assignment_ibfk_2` FOREIGN KEY (`assigned_by_id`) REFERENCES `assigned_by` (`assigned_by_id`)
) ENGINE=InnoDB AUTO_INCREMENT=13 DEFAULT CHARSET=utf8mb4 COLLATE=utf8mb4_0900_ai_ci;
/*!40101 SET character_set_client = @saved_cs_client */;

--
-- Dumping data for table `credits_assignment`
--

LOCK TABLES `credits_assignment` WRITE;
/*!40000 ALTER TABLE `credits_assignment` DISABLE KEYS */;
INSERT INTO `credits_assignment` VALUES (1,69001,1,'almost reaching the quota',15.34,'2023-12-28'),(2,69001,1,'almost reaching the quota',23.34,'2023-12-28'),(3,69001,2,'exceeded sales target',34.21,'2023-12-27'),(4,69001,3,'good performance',6.67,'2023-11-26'),(5,69001,4,'meeting objectives',71.00,'2023-11-25'),(6,69001,5,'meeting targets',50.02,'2023-11-24'),(7,69001,6,'achievement unlocked',29.25,'2023-10-23'),(8,69001,7,'outstanding performance',24.10,'2023-10-22'),(9,69001,1,'performance bonus',12.20,'2023-10-20'),(10,69001,1,'performance bonus',32.20,'2023-09-20'),(11,69001,1,'performance bonus',70.20,'2023-09-20'),(12,69001,2,'exceeded expectations',21.67,'2023-08-07');
/*!40000 ALTER TABLE `credits_assignment` ENABLE KEYS */;
UNLOCK TABLES;

--
-- Table structure for table `departments`
--

DROP TABLE IF EXISTS `departments`;
/*!40101 SET @saved_cs_client     = @@character_set_client */;
/*!50503 SET character_set_client = utf8mb4 */;
CREATE TABLE `departments` (
  `iddepartments` int NOT NULL,
  `dept_name` varchar(45) NOT NULL,
  PRIMARY KEY (`iddepartments`)
) ENGINE=InnoDB DEFAULT CHARSET=utf8mb4 COLLATE=utf8mb4_0900_ai_ci;
/*!40101 SET character_set_client = @saved_cs_client */;

--
-- Dumping data for table `departments`
--

LOCK TABLES `departments` WRITE;
/*!40000 ALTER TABLE `departments` DISABLE KEYS */;
INSERT INTO `departments` VALUES (0,'Phoenix Graphics Inc.'),(1,' Digital Innovation and Technology Solutions '),(2,'Cybercrime'),(3,'Database Administration'),(4,'Engineering, Marketing or Product Development'),(5,'Department of Foreign Affairs'),(6,'Cheif Technology Officers (CTO)'),(7,'Training and Development Department'),(8,'Information Technology Department'),(9,'Data Privacy Office'),(10,'IT Project Manager Department'),(11,'Software Engineering Department'),(12,'Application Management'),(13,'Data Storage and Backups'),(14,'Monitoring System Performance'),(15,'Network Administration'),(16,'User Support & Services'),(17,'Business Intelegence'),(18,'Tech Support'),(19,'Human Resources'),(20,'Multimedia Arts and Sciences'),(21,'Network Engeneer'),(22,'Support Specialist'),(23,'Cyber Security'),(24,'Artificial Intelligence'),(25,'Research and Development'),(26,'System Administrator'),(27,'Data Analytics and Business Intelligence Depa'),(28,'Cloud Engeenering Department'),(29,'Cybersecurity & infrastructure security agenc'),(30,'Service Management'),(31,'Game Development Department'),(32,'Animation Artists and Technicians.'),(33,'Programming Department'),(34,'Website Developer Department'),(35,'Information Technology Innovation Hub'),(36,'Geographic Information System Department'),(37,'Incident Response Team'),(47,'Metaverse Enterprise Solutions'),(50,'Database Maintainance Department'),(51,'Cloud Services Department'),(55,'IT Risk Department'),(56,'Scene Of the Crime Operation'),(60,'Cloud Strategy and Integration Department'),(62,'Storage Administration'),(63,'Security Analyst'),(64,'ROI Department'),(69,'Department of Digital Services and Innovation'),(70,'Mechanic Developer'),(71,'Creatives and Technology Department'),(72,'Creative Department'),(75,'Quantum Research and Development'),(88,'Department of Information and Communications '),(98,'Department Of Foreign Affair'),(99,'Department of Computer Shops'),(100,'Geographic Information System(GIS) Specialist'),(101,'Project Management'),(102,'BS Esports Department'),(103,'Data Management and Integration'),(104,'IT Support/Help Desk'),(105,'IT Project Management'),(106,'Department of Quantum Computing Integration ('),(109,'Solo Leveling'),(110,'Technology Support Center'),(111,'Computer Science Department'),(112,'PalawanSU Library Services - MediaHub Office'),(124,'Information Security Bureau'),(143,'Analytics'),(187,'Cybercrime NBI'),(321,'Augmented Reality and Virtual Reality'),(407,'IT Policy and Planning'),(420,'Department of Web Engineering'),(555,'Web Designing Department'),(666,'Data Analyst Department'),(913,'Animators Hub'),(989,'IT Software Engr.'),(991,'Computer of Department'),(1000,'Cloud Networking Development'),(1001,'Secret Intelligence Service Department'),(1011,'IT Help Desk'),(1129,'Cyber Security - DICT'),(1202,'Development/gaming Design company'),(1214,'Application Development'),(1299,'System Analyst and Architecture'),(1312,'Operations Department'),(1818,'User Interface Design Department'),(2121,'Wakanda Technology Department'),(2309,'Information Security Department'),(2558,'Security and Transport'),(4420,'Security Operations Center(SOC)'),(6666,'Anti Bugs Security Engineer'),(9080,'Science Department'),(9999,'Development and Engineering Department'),(12345,'IT Department'),(14369,'Research Department'),(20203,'Game Development '),(33332,'Department of Information Technology'),(55555,'Human Resource Department'),(75300,'Head department'),(76447,'Development Engr Department'),(82212,'Department of Computer Shops'),(88437,'IT OFFICER'),(90197,'Ministry of Science and ICT '),(90447,'Development Game Department'),(90809,'National Basketball Association'),(101010,'IT Support DepartmenInformation Technology Su'),(123986,'IT Scrum Masters'),(134811,'IT Department'),(200012,'Technicians Department '),(200021,'MineTech Department'),(200304,'Google Department'),(202080,'Science and Technology'),(202081,'Data Security'),(246810,'Information Technology Department'),(303040,'Warrior Tech Services'),(471234,'IT (Information Technology) Department'),(848484,'Software Development Department'),(1170133,'AR-HRM Integration Department'),(2180036,'IT Department'),(3232312,'Data Analyst'),(6969696,'Game Tester Development'),(7070700,'Social Anti-Crime Department '),(8888888,'Player Support Department'),(8888889,'Deep Learning Research'),(9999999,'IT Department'),(20190356,'IT Department'),(20231127,'Back-End Development Department'),(201880067,'ROGER IT DEPARTMENT'),(201980339,'bio medical imaging'),(202080016,'Ainsoft designing department'),(202080027,'Graphic Design PPC Inc.'),(202080035,'Team Pahirap'),(202080044,'System Administration'),(202080061,'IT Designer and Developer Department'),(202080135,'Roblox Corporation'),(202080160,'Informatics FA Department'),(202080457,'Application development'),(202080463,'Computer Studies Department'),(202080473,'Designing and Developing Software Application'),(202080476,'Data Storage and Backups'),(202080497,'Kinettix Reporting and Data Management Depart'),(202143144,'IT Innovator Department '),(202180157,'Software Developer'),(202180210,'IT Security Department'),(202180300,'IT Department'),(202180343,'IT Software Engineer Department'),(202180362,'Quantum Security Operation Hub'),(202180383,'Multimedia Integration and Development Depart'),(202180384,'Ifrastructure and Network Department'),(202182364,'Phoenix Graphics Inc.'),(202189546,'Phoenix Graphics Inc.'),(264236786,'Bogaboga department'),(731073107,'iTech Tesseract Enigma'),(2018123456,'MLBB Department Store'),(2020100612,'WanWan Harley'),(2020801710,'Game Creative Department'),(2020830580,' Kehlsteinhaus Department'),(2021100007,'IT Support Helper Department'),(2021100011,'Cybersecurity Department'),(2021103455,'Hackers Department');
/*!40000 ALTER TABLE `departments` ENABLE KEYS */;
UNLOCK TABLES;

--
-- Table structure for table `employees`
--

DROP TABLE IF EXISTS `employees`;
/*!40101 SET @saved_cs_client     = @@character_set_client */;
/*!50503 SET character_set_client = utf8mb4 */;
CREATE TABLE `employees` (
  `idemployees` int NOT NULL,
  `first_name` varchar(45) NOT NULL,
  `middle_name` varchar(45) DEFAULT NULL,
  `last_name` varchar(45) NOT NULL,
  `name_extension` varchar(5) DEFAULT NULL,
  `birthdate` date NOT NULL,
  `birth_city` varchar(45) NOT NULL,
  `birth_province` varchar(45) NOT NULL,
  `birth_country` varchar(45) NOT NULL,
  `sex` varchar(7) NOT NULL,
  `civil_status` varchar(10) NOT NULL,
  `height_in_meter` float NOT NULL,
  `weight_in_kg` float NOT NULL,
  `contactno` varchar(45) NOT NULL,
  `blood_type` varchar(45) NOT NULL,
  `gsis_no` varchar(45) DEFAULT NULL,
  `sss_no` varchar(45) DEFAULT NULL,
  `philhealthno` varchar(45) DEFAULT NULL,
  `tin` varchar(45) NOT NULL,
  `employee_no` int NOT NULL,
  `citizenship` varchar(45) NOT NULL,
  `res_spec_address` varchar(45) DEFAULT NULL,
  `res_street_address` varchar(45) DEFAULT NULL,
  `res_vill_address` varchar(45) DEFAULT NULL,
  `res_barangay_address` varchar(45) NOT NULL,
  `res_city` varchar(45) NOT NULL,
  `res_municipality` varchar(45) NOT NULL,
  `res_province` varchar(45) NOT NULL,
  `res_zipcode` varchar(45) NOT NULL,
  `perm_spec_address` varchar(45) DEFAULT NULL,
  `perm_street_address` varchar(45) DEFAULT NULL,
  `perm_vill_address` varchar(45) DEFAULT NULL,
  `perm_barangay_address` varchar(45) NOT NULL,
  `perm_city` varchar(45) NOT NULL,
  `perm_municipality` varchar(45) NOT NULL,
  `perm_province` varchar(45) NOT NULL,
  `perm_zipcode` varchar(45) NOT NULL,
  `telephone` varchar(45) DEFAULT NULL,
  `mobile_no` varchar(15) NOT NULL,
  `email` varchar(45) DEFAULT NULL,
  `Q34A` tinyint NOT NULL,
  `Q34B` tinyint NOT NULL,
  `Q34_details` varchar(45) DEFAULT NULL,
  `Q35a` tinyint NOT NULL,
  `Q35b` tinyint NOT NULL,
  `Q35_details` varchar(45) DEFAULT NULL,
  `Q36` varchar(45) NOT NULL,
  `Q36_details` varchar(45) DEFAULT NULL,
  `Q37` tinyint NOT NULL,
  `Q37_details` varchar(45) DEFAULT NULL,
  `Q38a` tinyint NOT NULL,
  `Q38b` tinyint NOT NULL,
  `Q38_details` varchar(45) DEFAULT NULL,
  `Q39a` tinyint NOT NULL,
  `Q39b` tinyint NOT NULL,
  `Q39_details` varchar(45) DEFAULT NULL,
  `Q40a` tinyint NOT NULL,
  `Q40a_details` varchar(45) DEFAULT NULL,
  `Q40b` tinyint NOT NULL,
  `Q40b_details` varchar(45) DEFAULT NULL,
  `Q40c` tinyint NOT NULL,
  `Q40c_details` varchar(45) DEFAULT NULL,
  PRIMARY KEY (`idemployees`),
  KEY `idx_email` (`email`)
) ENGINE=InnoDB DEFAULT CHARSET=utf8mb4 COLLATE=utf8mb4_0900_ai_ci;
/*!40101 SET character_set_client = @saved_cs_client */;

--
-- Dumping data for table `employees`
--

LOCK TABLES `employees` WRITE;
/*!40000 ALTER TABLE `employees` DISABLE KEYS */;
INSERT INTO `employees` VALUES (0,'Mark','Dhenniel','Nepomuceno','N/A','1969-04-20','DiMakita City','Missing Province','Taiwan','Male','Married',1.69,69,'+69420666','AB-','6969420666','NOT APPLICABLE','694206666969','666-666-666',69,'Chinese','NOT APPLICABLE','Tinago Street','Nawawala Village','Barangay 404','NotFound City','Unseen','Invisible Province','69420','NOT APPLICABLE','Hidden Street','Missing Village','404 District','NotFound City','DiNakita','Invisible Province','42069','66642069','+69420666','coolkid69@outlook.com',0,0,'NOT APPLICABLE',0,0,'NOT APPLICABLE','0','NOT APPLICABLE',0,'NOT APPLICABLE',0,0,'NOT APPLICABLE',0,0,'NOT APPLICABLE',0,'NOT APPLICABLE',0,'NOT APPLICABLE',0,'NOT APPLICABLE'),(1,'Jose Ramil','Macawile','Malate','N/A','2002-03-04','Sapporo','Hokkaido','Japan','Male','Married',1.5,55,'09950567449','O+','N/A','N/A','N/A','N/A',177013,'Alien','Block 177-1013','Hiraoka 3-jo','Ishikari','Toyohira-ku','Sapporo','N/A','Hokkaido','001-0016','Block 134-1013','Nishioka 3-jo','Ishikari','Hida Takayama','Aoyama','N/A','Fukuoka','034-0056','019+21+164-445-12734','09950567449','malatejramil@gmail.com',0,0,'N/A',0,0,'N/A','0','N/A',0,'N/A',0,0,'N/A',0,0,'N/A',0,'N/A',0,'N/A',0,'N/A'),(2,'John Paul','Prado','Solis','N/A','2004-10-25','New York','Manhattan','United State','Male','Married',1.67,62,'09010293847','AB','NOT APPLICABLE','NOT APPLICABLE','NOT APPLICABLE','000-123-321-001',12,'AMERICAN','NOT APPLICABLE','Cornelia Street','Swift Village','Broadway','Metrotech','Mercer','Biringan','10009','339 1st Avenue','E 14th St.','Biringan','Rubin Residence','NewYork','Washingtons','Brooklyn','10003','555-1234','8005550100','unindentifiedperson@yahoo.com',0,0,'NOT APPLICABLE',0,0,'NOT APPLICABLE','','NOT APPLICABLE',0,'NOT APPLICABLE',0,0,'NOT APPLICABLE',0,0,'NOT APPLICABLE',0,'NOT APPLICABLE',0,'NOT APPLICABLE',0,NULL),(3,'Eron Rei','Edaño','Masculino','N/A','1400-01-01','Washington','Mount Rainier','United State','Male','Single',1.68,67,'0900 0900 0900','O','NOT APPLICABLE','NOT APPLICABLE','NOT APPLICABLE','0123-456-789',1,'Mexican','NOT APPLICABLE','Umbrella Street','Meadowbrook Village','San Isidro','Azure Springs','Maplewood Junction',' Evergreen Province','17388','Sapphire Avenue','42 Emerald Lane',' Harmony Gardens Village','Emerald Vista','Celestial Haven','Harmony Springs','Tranquil Valley','90909','8700-0000','0909 090 0909','that123guy@gmail.com',0,0,'NOT APPLICABLE',0,0,'NOT APPLICABLE','','NOT APPLICABLE',0,'NOT APPLICABLE',0,0,'NOT APPLICABLE',0,0,'NOT APPLICABLE',0,'NOT APPLICABLE',0,'NOT APPLICABLE',0,'NOT APPLICABLE'),(4,'Ken Randolf','Padayao','Mapa','N/A','1999-12-25','Roxas','Palawan','Philippines','Male','Sinlge',1.55,55,'0912147555','O','NOT APPLICABLE','NOT APPLICABLE','NOT APPLICABLE','666-555-123',24,'Filipino','NOT APPLICABLE','San Francisco','Palumco','Tiniguiban','Puerto Princessa City','Puerto Princessa City','Palawan','5200','NOT APPLICABLE','purok Maunlad','Parang','Plaridel','Aborlan','Aborlan','Palawan','5302','0000-0007','0912445789','edsheeran@gmail.com',0,0,'NOT APPLICABLE',0,0,'NOT APPLICABLE','','NOT APPLICABLE',0,'NOT APPLICABLE',0,0,'NOT APPLICABLE',0,0,'NOT APPLICABLE',0,'NOT APPLICABLE',0,'NOT APPLICABLE',0,'NOT APPLICABLE'),(5,'Kenneth','Amorin','Palmes','N/A','2001-05-05','Perto Princesa City','Palawan','Philippines','Male','Single',1.78,51,'09759440172','O','NOT APPLICABLE','NOT APPLICABLE','NOT APPLICABLE','NOT APPLICABLE',0,'Filipino','NOT APPLICABLE','NOT APPLICABLE','NOT APPLICABLE','Iwahig-Bucana','Puerto Princesa City','Puerto Princesa City','Palawan','5200','NOT APPLICABLE','NOT APPLICABLE','NOT APPLICABLE','Rio Tuba','Bataraza','Bataraza','Palawan','5306','N/A','0975849182','notmyemail_testonly@gmail.com',0,0,'NOT APPLICABLE',0,0,'NOT APPLICABLE','','NOT APPLICABLE',0,'NOT APPLICABLE',0,0,'NOT APPLICABLE',0,0,'NOT APPLICABLE',0,'NOT APPLICABLE',0,'NOT APPLICABLE',0,'NOT APPLICABLE'),(6,'John Aivanne ','Mendez','Molato','N/A','2002-09-02','Pasay City, Metro Manila','Metro Manila','Philippines','Male','Single',1.65,50,'09100310483','O','NOT APPLICABLE','NOT APPLICABLE','NOT APPLICABLE','NOT APPLICABLE',0,'Filipino','NOT APPLICABLE','Lagan Street','Vicente Compound','San Miguel','','Puerto Princesa City','Palawan','5300','339 - H Rizal Avenue','Lagan Streeet, Rizal Avenue','Lagan Street, Vicente Compound','San Miguel','Puerto Princesa City','','Palawan','5300','433-3070','09100310483','molatojohnaivanneofficial@gmail.com',0,0,'NOT APPLICABLE',0,0,'NOT APPLICABLE','','NOT APPLICABLE',0,'NOT APPLICABLE',0,0,'NOT APPLICABLE',0,0,'NOT APPLICABLE',0,'NOT APPLICABLE',0,'NOT APPLICABLE',0,'NOT APPLICABLE'),(7,'Larry John','Escote','Andonga','N/A','1892-12-12','Barcelona','Tarragona','Spain','Male','Single',1.95,99,'09128736527','A+','NOT APPLICABLE','NOT APPLICABLE','NOT APPLICABLE','NOT APPLICABLE',0,'Filipino','NOT APPLICABLE','2nd Street','123 Diamond Lane','Crystal Heights','Lumina Vista','Azure Bay','Serenitea Province','12345','NOT APPLICABLE','2nd Street','123 Diamond Lane','Crystal Heights','Lumina Vista','Azure Bay','Serenitea Province','1234','290-2921','09118274653','yrraljohnahehe_pogicutiebunch@gmail.com',0,0,'NOT APPLICABLE',0,0,'NOT APPLICABLE','0','NOT APPLICABLE',0,'NOT APPLICABLE',0,0,'NOT APPLICABLE',0,0,'NOT APPLICABLE',0,'NOT APPLICABLE',0,'NOT APPLICABLE',0,'NOT APPLICABLE'),(8,'Joseph','Lucas','Baria','N/A','2000-10-11','Balabac','Palawan','Philippines','Male','Single',1.9,60,'09123042310','B','N/A','N/A','N/A','N/A',15,'Filipino','N/A','Bugsuk','Salang','Mangse','Puerto Princesa','Balabac','Palawan','1111','N/A','Ipilan','Curanga','Barongbarong','Brooke\'s Point','Brooke\'s Point','Palawan','5303','N/A','09123012313','delarasean54@yahoo.com',0,0,'NOT APPLICABLE',0,0,'NOT APPLICABLE','0','NOT APPLICABLE',0,'NOT APPLICABLE',0,0,'NOT APPLICABLE',0,0,'NOT APPLICABLE',0,'NOT APPLICABLE',0,'NOT APPLICABLE',0,'NOT APPLICABLE'),(9,'Nick Brienne','N/a','Martinez','N/A','2001-08-23','Puerto Princesa City','Palawan','Philippines','Male','Single',1.79,68,'09223300220','A+','N/A','N/A','N/A','N/A',23,'Indian','N/A','Kalye Fornia','Kasoy Village','San Jose','Tokyo City','Puerto Princesa City','Palawan','5300','N/A','Nagtabon','Maranat Uno','Bloody Ice ','Bacungan','San Carlos','Palawan','5302','N/A','09092552233','MartinezCuteqt@gmail.com',0,0,'NOT APPLICABLE',0,0,'NOT APPLICABLE','0','NOT APPLICABLE',0,'NOT APPLICABLE',0,0,'NOT APPLICABLE',0,0,'NOT APPLICABLE',0,'NOT APPLICABLE',0,'NOT APPLICABLE',0,'NOT APPLICABLE'),(10,'Joshua Serge','Gacusan','Tibudan','N/A','1991-02-02','Kyoto','Kyoto Prefecture','Japan','Male','Single',1.7,52,'09000000000','O','N/A','N/A','N/A','N/A',11,'Filipino','N/A','N/A','N/A','N/A','Tokyo','Shibuya','Tokyo','163-8001','N/A','N/A','N/A','N/A','Tokyo','Shibuya','Tokyo','163-8001','144-1082','09000000000','dummy@premail.com',0,0,'NOT APPLICABLE',0,0,'NOT APPLICABLE','0','NOT APPLICABLE',0,'NOT APPLICABLE',0,0,'NOT APPLICABLE',0,0,'NOT APPLICABLE',0,'NOT APPLICABLE',0,'NOT APPLICABLE',0,'NOT APPLICABLE'),(11,'Ma. Daphnee','Baguyo','Evediente','N/A','2005-06-30','Vancouver','British Columbia','Canada','Female','Married',1.7,38,'09675437070','O','NOT APPLICABLE','NOT APPLICABLE','NOT APPLICABLE','NOT APPLICABLE',6,'Korean','NOT APPLICABLE','Bakawan Street','Diamond Village','Sicsican','Vancouver','Vancouver','British Columbia','1234','NOT APPLICABLE','Bakawan Street','Diamond Village','Sicsican','Vancouver','Vancouver','British Columbia','1234','0967543','09675437070','dapny@gmail.com',0,0,'NOT APPLICABLE',0,0,'NOT APPLICABLE','0','NOT APPLICABLE',0,'NOT APPLICABLE',0,0,'NOT APPLICABLE',0,0,'NOT APPLICABLE',0,'NOT APPLICABLE',0,'NOT APPLICABLE',0,'NOT APPLICABLE'),(12,'Jeha','Hisona','Batoon','N/A','2003-01-20','Quezon','Marinduque','South Korea','Female','Married',1.7,46,'09263786625','O','N/A','N/A','N/A','N/A',22,'Korean','Soul','Chungsan','Busan','Tiniguiban','Quezon','Rizal','Palawan','5323','Rizal','Matatag','Cabcungan','Sicsican','Soul','Rizal','Palawan','5300','N/A','09374684866','sera@gmail.com',0,0,'N/A',0,0,'N/A','0','N/A',0,'N/A',0,0,'N/A',0,0,'NOT APPLICABLE',0,'N/A',0,'N/A',0,'N/A'),(13,'Angel Mae','Go','Gabayan','NOT A','2002-03-02','Puerto Princesa City','Palawan','Philippines','Female','Married',1.7,55,'09511111111','AB','NOT APPLICABLE','NOT APPLICABLE','NOT APPLICABLE','NOT APPLICABLE',15,'Chinese','NOT APPLICABLE','Jollitown','Jolli Village','Manalo','Puerto Princesa City','Puerto Princesa City','Palawan','53000','NOT APPLICABLE','Bakawan','Diamond Sky','Manalo','Puerto Princesa City','Palawan','Palawan','5300','999-9099','09098888812','divineves1gmail.com',0,0,'NOT APPLICABLE',0,0,'NOT APPLICABLE','0','NOT APPLICABLE',0,'NOT APPLICABLE',0,0,'NOT APPLICABLE',0,0,'NOT APPLICABLE',0,'NOT APPLICABLE',0,'NOT APPLICABLE',0,'NOT APPLICABLE'),(14,'Karla Eryka','Pineda','Cabuhat','NOT A','2000-12-16','Narra','Palawan','Japan','Female','Married',1.7,49,'09090909909','A','NOT APPLICABLE','NOT APPLICABLE','NOT APPLICABLE','NOT APPLICABLE',19,'Filipino','NOT APPLICABLE','Simsity','Simssity Town','NOT APPLICABLE','Narra','Narra','Palawan','5300','NOT APPLICABLE','Narra','Jewel ','Narra','Jewel City','Palawan, Narra','Japan','90909','NOT APPLICABLE','09090909099','abcdefghjikl@gmail.com',0,0,'NOT APPLICABLE',0,0,'NOT APPLICABLE','0','NOT APPLICABLE',0,'NOT APPLICABLE',0,0,'NOT APPLICABLE',0,0,'NOT APPLICABLE',0,'NOT APPLICABLE',0,'NOT APPLICABLE',0,'NOT APPLICABLE'),(15,'Jessa May','Alvarez','Cajayon','NOT A','2003-03-15','Taytay','Palawan','China','Female','Divorced',1.9,52,'09123456789','O','NOT APPLICABLE','NOT APPLICABLE','NOT APPLICABLE','NOT APPLICABLE',77,'Chinese','NOT APPLICABLE','California St','California','NOT APPLICABLE','Palawan','Taytay','Palawan','12345','NOT APPLICABLE','Tayaty','Houthdough','Tayaty','Taytay','Hightyu','China','09887','NOT APPLICABLE','09909082772','sammyzracy@gmail.com',0,0,'NOT APPLICABLE',0,0,'NOT APPLICABLE','0','NOT APPLICABLE',0,'NOT APPLICABLE',0,0,'NOT APPLICABLE',0,0,'NOT APPLICABLE',0,'NOT APPLICABLE',0,'NOT APPLICABLE',0,'NOT APPLICABLE'),(16,'Jubil','Lagrosa','Cabrestante','NOT A','2000-07-26','Puerto Princesa City','Palawan','Philippines','Male','Single',1.72,64,'09123456789','O+','NOT APPLICABLE','NOT APPLICABLE','NOT APPLICABLE','NOT APPLICABLE',3,'Filipino','NOT APPLICABLE','Pablico Road 2','NOT APPLICABLE','Tiniguiban','Puerto Princesa City','NOT APPLICABLE','Palawan','5300','NOT APPLICABLE','Pablico Road 2','NOT APPLICABLE','Tiniguiban','Puerto Princesa City','NOT APPLICABLE','Palawan','5300','NOT APPLICABLE','09876543210','dikoalam@gmail.com',0,0,'NOT APPLICABLE',0,0,'NOT APPLICABLE','0','NOT APPLICABLE',0,'NOT APPLICABLE',0,0,'NOT APPLICABLE',0,0,'NOT APPLICABLE',0,'NOT APPLICABLE',0,'NOT APPLICABLE',0,'NOT APPLICABLE'),(17,'Nick Francis','Habab','Bundal','N/A','2003-06-27','Berlin','Brandenburg','Germany','Male','Divorced',1.69,54,'09696942069','A','NOT APPLICABLE','NOT APPLICABLE','NOT APPLICABLE','NOT APPLICABLE',81,'German','NOT APPLICABLE','Unter den Linden','Gutentag','Gutenmorgen','Berlin','Hamburg','Brandenburg','14770','NOT APPLICABLE','Krankenwagen','Scheise','Dresden','Stalingrad','Hamburg','Bavaria','63916','NOT APPLICABLE','09696969696','danickgerman@yahoo.com',0,0,'NOT APPLICABLE',0,0,'NOT APPLICABLE','0','NOT APPLICABLE',0,'NOT APPLICABLE',0,0,'NOT APPLICABLE',0,0,'NOT APPLICABLE',0,'NOT APPLICABLE',0,'NOT APPLICABLE',0,'NOT APPLICABLE'),(18,'Nicole Angelo','Villono','Celis','NOT A','2001-09-10','Puerto Princesa Cityy','Palawan','Philippines','Male','Single',1.72,56,'09329906271','AB+','NOT APPLICABLE','NOT APPLICABLE','NOT APPLICABLE','NOT APPLICABLE',101,'Filipino','NOT APPLICABLE','Puno','NOT APPLICABLE','Dito','Puerto Princesa City','Puerto Priincesa City','Palawan','5300','NOT APPLICABLE','Puno','NOT APPLICABLE','Dito','Puerto Princesa','Puerto Princesa City','Palawan','5300','NOT APPLICABLE','09325676789','others@gmail.com',0,0,'NOT APPLICABLE',0,0,'NOT APPLICABLE','0','NOT APPLICABLE',0,'NOT APPLICABLE',0,0,'NOT APPLICABLE',0,0,'NOT APPLICABLE',0,'NOT APPLICABLE',0,'NOT APPLICABLE',0,'NOT APPLICABLE'),(19,'Emmanuel','Bora','Cari-an','N/A','2002-02-18','Tree Fort','Grass Lands','Oooo','Male','Single',1.1,86,'09090978910','O','NOT APPLICABLE','NOT APPLICABLE','NOT APPLICABLE','NOT APPLICABLE',99,'Human','NOT APPLICABLE','NOT APPLICABLE','NOT APPLICABLE','NOT APPLICABLE','Grass Lands','Grass Lands','Oooo','0004','NOT APPLICABLE','NOT APPLICABLE','NOT APPLICABLE','NOT APPLICABLE','Grass Lands','Grass Lands','Oooo','0004','NOT APPLICABLE','09090978910','iceKingsukz@gmail.com',0,0,'NOT APPLICABLE',0,0,'NOT APPLICABLE','0','NOT APPLICABLE',0,'NOT APPLICABLE',0,0,'NOT APPLICABLE',0,0,'NOT APPLICABLE',0,'NOT APPLICABLE',0,'NOT APPLICABLE',0,'NOT APPLICABLE'),(20,'Estrella Rose Ann','Machado','Navia','N/A','2001-11-12','Bern','Canton of Bern','Switzerland','Female','Widowed',1.57,45,'09348738438','O','NOT APPLICABLE','NOT APPLICABLE','NOT APPLICABLE','NOT APPLICABLE',121,'Swiss','NOT APPLICABLE','Nowhere Uns','Thereejie','Somewhere','Bern','Bernie','Bernable','10384','NOT APPLICABLE','Luansei','Hainaks','Bernyos','Bern','Bern','Frieans','12545','NOT APPLICABLE','09348382344','udowanaknow@outloo.com',0,0,'NOT APPLICABLE',0,0,'NOT APPLICABLE','0','NOT APPLICABLE',0,'NOT APPLICABLE',0,0,'NOT APPLICABLE',0,0,'NOT APPLICABLE',0,'NOT APPLICABLE',0,'NOT APPLICABLE',0,'NOT APPLICABLE'),(21,'Sheryl Ann','Navazero','Navarro','N/A','2003-01-01','Seoul','N/A','Korea','Female','Single',1.52,49,'09987654321','O','NOT APPLICABLE','NOT APPLICABLE','NOT APPLICABLE','NOT APPLICABLE',25,'Korean','NOT APPLICABLE','Myeongdong','Nonghyup Maeul','Jung','Busan','Incheon','Jeju','01000','NOT APPLICABLE','Gyeongju','Gangchon','Jeonju','Pyeongchang','Andong','Suwon','90010','NOT APPLICABLE','09090909090','gwenchana@gmailcom',0,0,'NOT APPLICABLE',0,0,'NOT APPLICABLE','0','NOT APPLICABLE',0,'NOT APPLICABLE',0,0,'NOT APPLICABLE',0,0,'NOT APPLICABLE',0,'NOT APPLICABLE',0,'NOT APPLICABLE',0,'NOT APPLICABLE'),(22,'Barysh Nikov','Naviza','Bacaltos','NOT A','2003-03-01','Puerto Princesa City','Palawan','Philippines','Male','Single',1.65,58,'09704879032','B+','NOT APPLICABLE','NOT APPLICABLE','NOT APPLICABLE','NOT APPLICABLE',2134,'Filipino','NOT APPLICABLE','Baltan','NOT APPLICABLE','San miguel','Puerto Princesa City','Puerto Princesa City','Palawan','5300','NOT APPLICABLE','Baltan','NOT APPLICABLE','San miguel','Puerto Princesa City','Puerto Princesa City','Palawan','5300','NOT APPLICABLE','09704879032','bacaltosbaryshnikov@gmail.com',0,0,'NOT APPLICABLE',0,0,'NOT APPLICABLE','0','NOT APPLICABLE',0,'NOT APPLICABLE',0,0,'NOT APPLICABLE',0,0,'NOT APPLICABLE',0,'NOT APPLICABLE',0,'NOT APPLICABLE',0,'NOT APPLICABLE'),(23,'Yuan Nico','Samante','Lazarte','N/A','2001-08-30','San Francisco','N/A','United States of America','Male','Single',1.77,67,'09777788888','A','N/A','N/A','N/A','N/A',30,'American','N/A','Kamarikutan','N/A','N/A','Miami','Yatyat','Florida','007','N/A','Dimatagpuan','N/A','N/A','Yatyat','Yatyat','UG','3000','N/A','09777788888','pe9835430@gmail.com',0,0,'N/A',0,0,'N/A','0','N/A',0,'N/A',0,0,'N/A',0,0,'N/A',0,'N/A',0,'N/A',0,'N/A'),(24,'Marclin','Resurreccion','Abarracoso','N/A','2002-01-01','Palawan','Palawan','Philippines','Female','Single',1.54,53,'09999999999','C','NOT APPLICABLE','NOT APPLICABLE','NOT APPLICABLE','NOT APPLICABLE',0,'Filipino','Brgy. Tiniguiban, PPC','NOT APPLICABLE','NOT APPLICABLE','Brgy. Tiniguiban','Puerto Princesa','Puerto Princesa','Palawan','5300','Brgy. Tiniguiban, PPC','NOT APPLICABLE','NOT APPLICABLE','Brgy. Tiniguiban','Puerto Princesa','Puerto Princesa','Palawan','5300','NOT APPLICABLE','09999999999','marclin@gmail.com',0,0,'NOT APPLICABLE',0,0,'NOT APPLICABLE','0','NOT APPLICABLE',0,'NOT APPLICABLE',0,0,'NOT APPLICABLE',0,0,'NOT APPLICABLE',0,'NOT APPLICABLE',0,'NOT APPLICABLE',0,'NOT APPLICABLE'),(25,'Tracer Bench','Dulanding','Baiddin','N/A','2002-08-02','Tokyo','palawan','Vinland','Male','Single',1.75,48,'09876543210','AB+','N/A','N/A','N/A','N/A',404,'Chinese','N/A','N/A','N/A','IDK','Tokyo','N/A','palawan','3500','N/A','San Miguel','N/A','N/A','Tokyo','N/A','Palawan','3500','N/A','09876543210','syntaxerror@gmail.com',0,0,'N/A',0,0,'N/A','0','N/A',0,'N/A',0,0,'N/A',0,0,'N/A',0,'N/A',0,'N/A',0,'N/A'),(26,'Michael Angelo','Coralde','Demadura','N/A','2001-05-09','Puerto princesa city','taytay','Philippines','Male','single',1.75,45,'09090090900','AB','NOT APPLICABLE','NOT APPLICABLE','NOT APPLICABLE','NOT APPLICABLE',18,'FILIPINO','NOT APPLICABLE','Tabayuyung','NOT APPLICABLE','NOT APPLICABLE','PUERTO PRINCESA CITY','TAYTAY','PALAWAN','4334','NOT APPLICABLE','Balgom','NOT APPLICABLE','NOT APPLICABLE','Puerto Princesa city','Puerto Princesa city','Palawan','3329','NOT APPLICABLE','09090090090','ukinam@gmail.com',0,0,'0',0,0,'0','0','NOT APPLICABLE',0,'NOT APPLICABLE',0,0,'NOT APPLICABLE',0,0,'NOT APPLICABLE',0,'NOT APPLICABLE',0,'NOT APPLICABLE',0,'NOT APPLICABLE'),(27,'Ric Ryan ','Petalver','Nolasco','N/A','2003-06-23','Puerto Princesa City','Palawan','Philippines','Male','Single',1.73,80,'09694201234','O','N/A','N/A','N/A','N/A',168,'Somalian','N/A','N/A','Kanto','Doon','Puerto Princesa City','Puerto Princesa City','Palawan','4201','N/A','N/A','N/A','N/A','N/A','N/A','N/A','N/A','N/A','09123812323','ikickkidsforfun@gmail.com',0,0,NULL,0,0,NULL,'0',NULL,0,NULL,0,0,NULL,0,0,NULL,0,NULL,0,NULL,0,NULL),(28,'Kurt Adrian','Dacasin','Delera','N/A','1998-12-02','Minato-ku','Tokyo','Japan','Male','Single',1.69,55,'09098887777','A+','N/A','N/A','N/A','N/A',69420,'Japanese','N/A','6-1, Ginza 3-chome','N/A','N/A','Tokyo','N/A','Minato-ku','105-0004','N/A','6-1, Ginza 3-chome','N/A','N/A','Minato-ku','N/A','Tokyo','105-0004','+8174-866-1737','09098887777','makemerich69@gmail.com',0,0,'N/A',0,0,'N/A','0','N/A',0,'N/A',0,0,'N/A',0,0,'N/A',0,'N/A',0,'N/A',0,'N/A'),(29,'Vince Borgy','Edar','Espina','N/A','2002-12-29','Puerto Princesa City','Palawan','Philippines','Male','Single',1.7,56,'999-8888','A+','987654321','123456789','PH987654321','321-654-987',1229,'Filipino','NOT APPLICABLE','NOT APPLICABLE','NOT APPLICABLE','Tagburos','Puerto Princesa City','Palawan','Palawan','120770','29','papa street','Viet Ville','Tagburos','Puerto Princesa City','Palawan','Palawan','5300','222-4321','09123456769','vinceborgy@gmail.com',0,0,'NOT APPLICABLE',0,0,'NOT APPLICABLE','','NOT APPLICABLE',0,'NOT APPLICABLE',0,0,'NOT APPLICABLE',0,0,'NOT APPLICABLE',0,'NOT APPLICABLE',0,'NOT APPLICABLE',0,'NOT APPLICABLE'),(30,'Aubrey karylle','Neri','Mamaril','N/A','2002-05-21','Gangnam City','Seoul','South Korea','Female','Single',1.53,43,'09602684096','0+','N/A','N/A','N/A','N/A',2575,'Filipino','Palawan','B mendoza street','N/A','Brgy Masigla','Puerto Princesa Cty','Cuyo','Palawan','5300','Cuyo','Tema ','N/A','Brgy. Suba','Puerto Princesa City','Cuyo','Palawan','5300','N/A','09602684086','axxxbrey@gmail.com',0,0,'N/A',0,0,'N/A','0','N/A',0,'N/A',0,0,'N/A',0,0,'N/A',0,'N/A',0,'N/A',0,'N/A'),(31,'Jessa Rey','n/a','Repoylo','N/A','2002-06-12','','shanghai','china','female','single',1.55,0,'','',NULL,NULL,NULL,'',0,'',NULL,NULL,NULL,'','','','','',NULL,NULL,NULL,'','','','','',NULL,'',NULL,0,0,NULL,0,0,NULL,'',NULL,0,NULL,0,0,NULL,0,0,NULL,0,NULL,0,NULL,0,NULL),(32,'Reinhard Jake','Abog','Sacay','N/A','2002-04-09','Jamaica','Peru province','Jamaica','Male','single',1.65,65,'09827272882','O','N/A','22-2372819-4','N/A','N/A',143,'Jamaicans','N/A','1st street','1st villa','Yemen ','portmore city','Cuyo','Kingston','9696','N/A','1st street','1st villa','Yemen','portmore city','Cuyo ','kingston','9696','87000','09090909090','wazzup@gmail.com',0,0,'N/A',0,0,'N/A','0','N/A',0,'N/A',0,0,'N/A',0,0,'N/A',0,'N/A',0,'N/A',0,'N/A'),(33,'Remark','Poquiz','Timones','N/A','1869-06-09','Puerto Princesa Ctiy','Palawan','Philippines','Male','Divorced',1.7,65,'09153426989','AB+','N/A','N/A','N/A','N/A',202180069,'Filipino','Bgy. Bacungan','Purok Sariling Sikap','N/A','Bgy. Bacungan','Puerto Princesa City','N/A','Palawan','5300','Bgy. Bacungan','Purok Sariling Sikap','N/A','Bgy. Bacungan','Puerto Princesa City','N/A','Palawan','5300','999-6969-666','09562348944','remarktimones415@gmail.com',0,0,'N/A',0,0,'N/A','0','N/A',0,'N/A',0,0,'N/A',0,0,'N/A',0,'N/A',0,'N/A',0,'N/A'),(34,'Jay Evan Willis','Daboda','Lagutan','NOT A','0000-00-00','Puerto Rico','amdix','puerto jwan','male','single',1.8,55,'09528762833','O','NOT APPLICABLE','NOT APPLICABLE','NOT APPLICABLE','NOT APPLICANBLE',180,'Filipino','Tagueg','#88','Mahogany ville','Irawan','Puerto Gellera','Brookes','Los Angeles','5230','Tagueg','#88','Mahogany Ville','','','','','',NULL,'',NULL,0,0,NULL,0,0,NULL,'',NULL,0,NULL,0,0,NULL,0,0,NULL,0,NULL,0,NULL,0,NULL),(35,'Albert','Golosino','Mirasol ','Jr','2002-08-26','Setagaya','Matsubara','Tokyo','Male ','single',2,65,'09467815246','O','NOT APPLICABLE','NOT APPLICABLE','NOT APPLICABLE','NOT APPLICABLE',414,'Filipino','Ginza Shiseido ','Rizal Street','Konohagakure','Brgy. O-District','tokyo','Saitama','Palawan','15616','Tokyo-to, Matsubara','Konoha','Kirigakure','11 Ward','Tokyo','Setegayu','Saitama','15616','NOT APPLICABLE','05596266545','otaku101@gmail.com',0,0,'NOT APPLICABLE',0,0,'NOT APPLICABLE','0','NOT APPLICABLE',0,'NOT APPLICABLE',0,0,'NOT APPLICABLE',0,0,'NOT APPLICABLE',0,'NOT APPLICABLE',0,'NOT APPLICABLE',0,'NOT APPLICABLE'),(36,'Kenneth','Baniasia','Peralta','N/a','2000-02-01','Puerto Princesa','Palawan','Philippines','Male','Single',1.82,85,'09321321321','A+','N/A','N/A','N/A','N/A',321,'Filipino','Brgy. Sta. Monica','Canada Street','Canada Village','N/A','Puerto Princesa City','Narra','Canada','10000','N/A','N/A','N/A','N/A','N/A','N/A','N/A','N/A','1234-1234','09321321321','helloworld@gmail.com',0,0,'N/A',0,0,'N/A','0','N/A',0,'N/A',0,0,'N/A',0,0,'N/A',0,'N/A',0,'N/A',0,'N/A'),(37,'Mark Christian','N/A','Creador','N/A','2002-08-25','Puerto Princesa','Palawan','Philippines','Male','Single',1.68,73,'09987654322','B+','N/A','N/A','N/A','N/A',37,'Filipino','Purok Bagong Buhay','N/A','N/A','Barangay Banco Banco','Puerto Princesa City','Palawan','Palawan','5300','Purok Bagong Buhay','N/A','N/A','Barangay Manggahan','Maikli City','Maikli City','Metro Manila','5300','N/A','09987654322','taks@gmail.com',0,0,'N/A',0,0,'N/A','0','N/A',0,'N/A',0,0,'N/A',0,0,'N/A',0,'N/A',0,'N/A',0,'N/A'),(38,'Nathalie Shane','N/A','Abia','N/A','2001-10-30','Berlin','Bavaria','Germany','Female','Single',1.57,49,'09303663384','A','N/A','N/A','N/A','N/A',999,'Germany','Brgy. San Jose','Maharlika Street','N/A','Brgy. San Jose','Berlin City','Biringan','Bavaria','6999','Brgy. San Jose ','Maharlika Street','N/A','Brgy. San Jose','Berlin City','Biringan','Bavaria','6999','N/A','09303663384','nsaberlin30@gmail.com',0,0,'N/A',0,0,'N/A','0','N/A',0,'N/A',0,0,'N/A',0,0,'N/A',0,'N/A',0,'N/A',0,'N/A'),(39,'Maria Eloiza','Manlangit','Buo','N/A','2002-04-21','Melbourne','Victoria','Australia','Female','Single',1.59,48,'09484723015','A','N/A','N/A','N/A','N/A',77,'Australian','Barangay Tagburos','Morinda Street','NorthVille','Barangya Tagburos','Melbourne','Narnia','Victoria','3000','Barangay Tagburos','Morinda Street','NorthVille','Barangay Tagburos','Melbourne','Narnia','Victoria','3000','N/A','09484723015','mem@gmailcom',0,0,'N/A',0,0,'N/A','0','N/A',0,'N/A',0,0,'N/A',0,0,'N/A',0,'N/A',0,'N/A',0,'N/A'),(40,'Riezel','Calda','Remo','N/A','2003-02-27','Puerto Princesa','Palawan','Philippines','Female','Single',1.5,50,'9876543210','O','N/A','N/A','N/A','N/A',27,'Filipino','N/A','Liko-Liko Street','Will&Vill Village','Brgy. Sicsican','Puerto Princes City','Puerto','Palawan','5300','N/A','Liko-Liko Street 77','Will&Vill 77 Village','Brgy. Sicsican Parangue Road','Puerto Princes City','Puerto','Palawan','5300','77-777-77','9876543210','remomapagmahal@gmail.com',0,0,'N/A',0,0,'N/A','0','N/A',0,'N/A',0,0,'N/A',0,0,'N/A',0,'N/A',0,'N/A',0,'N/A'),(50,'Philip Arland','Pagliawan','Alili','N/A','2001-09-11','Malolos City','Malolos Province','Philippines','Male','Single',1.6,46,'09121629125','AB','GSIS11223','SSS33221','PHIL8998','TIN666',5968,'Filipino','32 Bagsik St.','Bagsik Street','West Side','Bgy. Bagsikan','Malolos City','Bulakan','Manila','5100','32 Bagsik St.','Bagsik Street','West Side','Barangay San Bagsakan','Malolos City','Bulacan','Malolos Province','5100','434-9901','09121629125','sikmabagsik@gmail.com',0,0,'N/A',0,0,'N/A','0','N/A',0,'N/A',0,0,'N/A',0,0,'N/A',0,'N/A',0,'N/A',0,'N/A'),(55,'April Joy','Dacles','Gamboa','NOT A','2000-08-08','Puerto Princesa City','Palawan','Philippines','Female','Single',1.5,50,'09324551255','AB+','006253262891','11539684591','942968258354','1592678357',515,'Filipino','NOT APPLICABLE','Rizal Avenue','GTR Village','Barangay Aurora','Quezon City','Valencia','Manila','1991','NOT APPLICABLE','Deliha Street','HBD Village','Barangay Santa Cruz','Valenzuela City','Santo Tomas','Manila','1881','4823-1192','09542954827','ajdg_example@gmail.com',0,0,'NOT APPLICABLE',0,0,'0','0','NOT APPLICABLE',0,'NOT APPLICABLE',0,0,'NOT APPLICABLE',0,0,'NOT APPLICABLE',0,'NOT APPLICABLE',0,'NOT APPLICABLE',0,'NOT APPLICABLE'),(62,'Erica Jane','Dagot','Vasquez','N/A','2000-06-24','Puerto Princesa City','Palawan','Philippines','Female','Single',1.5,32,'09478078007','B','8669-1494','24-1237899-4','12-345670972-3','242-200-060-969',2000,'Mexican','NOT APPLICABLE','Hagedorn Rd.','NOT APPLICABLE','San Pedro','Puerto Princesa City','Puerto Princesa','Palawan','5300','NOT APPLICABLE','Hagedorn Rd.','NOT APPLICABLE','San Pedro','Puerto Princesa City','Puerto Princesa','Palawan','5300','NOT APPLICABLE','09478078007','ejayvasquez2200@gmail.com',0,0,'NOT APPLICABLE',0,0,'NOT APPLICABLE','0','NOT APPLICABLE',0,'NOT APPLICABLE',0,0,'NOT APPLICABLE',0,0,'NOT APPLICABLE',0,'NOT APPLICABLE',0,'NOT APPLICABLE',0,'NOT APPLICABLE'),(63,'Adrian','Dela Torre','Gabuco','N/A','2000-12-17','Puerto Princesa City','Palawan','Philippines','Male','Single',1.67,71,'09086099550','O','8132-1379','51-1232321-2','12-345543212-9','111-222-555-343',369,'Filipino','NOT APPLICABLE','Baltan Street','NOT APPLICABLE','San Miguel','Puerto Princesa City','Puerto Princesa','Palawan','5300','NOT APPLICABLE','Baltan Street','NOT APPLICABLE','San Miguel','Puerto Princesa City','Puerto Princesa','Palawan','5300','NOT APPLICABLE','09086099550','adriangabucoo@gmail.com',0,0,'NOT APPLICABLE',0,0,'NOT APPLICABLE','0','NOT APPLICABLE',0,'NOT APPLICABLE',0,0,'NOT APPLICABLE',0,0,'NOT APPLICABLE',0,'NOT APPLICABLE',0,'NOT APPLICABLE',0,'NOT APPLICABLE'),(64,'Jeremiah','Andrada','Mutia','N/A','2003-03-03','Puerto Princesa City','Palawan','Philippines','Male','Single',1.63,59,'09618853686','N/A','N/A','N/A','N/A','N/A',99,'American','Hampton','2246 Jefferson Street','N/A','Brgy. Sun','Cleveland','Akron','Ohio','44301','N/A','N/A','N/A','Brgy. St. Monica','Cleveland','Akron','Ohio','N/A','696-6969','09969696969','ngwht69@gmail.com',0,0,'N/A',0,0,'0','0','N/A',0,'N/A',0,0,'N/A',0,0,'N/A',0,'N/A',0,'N/A',0,'N/A'),(69,'Rovick Anthony','Abaga','Pasamonte','N/A','2003-05-26','Puerto Princesa','Palawan','Phillippines','Male','Single',1.66,70,'09977981374','O','N/A','N/A','N/A','N/A',69,'Filipino','Brgy. San Miguel','Wescom RD.','N/A','Brgy San Miguel','Puerto Princesa City','N/A','Palawan','5300','Bagong Silang','Wescom RD','N/A','San Miguel','Puerto Princesa City','N/A','Palawan','5300','N/A','09977981374','pasamonte@gmail.com',0,0,'N/A',0,0,'N/A','0','N/A',0,'N/A',0,0,'N/A',0,0,'N/A',0,'N/A',0,'N/A',0,'N/A'),(72,'Diane Joy','Domingo','Nicanor','N/A','2001-12-05','Puerto Princesa City','Palawan','Philippines','Female','Single',1.55,40,'09128533458','AB','23579554327','7654097789','445679768834','88654330',71,'Filipino','98','Durian Street','Kalayaan Village','Barangay Masaya','Puerto Princesa City','N/A','Palawan','5300','98','Durian Street','Kalayaan Village','Barangay Masaya','Puerto Princesa City','N/A','Palawan','5300','713-8888','09097775664','diane123@gmail.com',0,0,'N/A',0,0,'N/A','0','N/A',0,'N/A',0,0,'N/A',0,0,'N/A',0,'N/A',0,'N/A',0,'N/A'),(88,'Joshua','Darlington','Panes','NOT A','2000-01-01','Puerto Princesa','Palawan','Philippines','Male','Single',1.68,60,'09123245678','AB+','NOT APPLICABLE','NOT APPLICABLE','NOT APPLICABLE','NOT APPLICABLE',88,'Korean','Block 8 Lot 8','88 Street','Employees','Santa Monica','Puerto Princesa City','Puerto Princesa City','Palawan','5300','Block 8 Lot 8','88 Street','Employees','Santa Monica','Puerto Princesa City','Puerto Princesa City','Palawan','5300','048-4233274','09123245678','joshua@gmail.com',0,0,'NOT APPLICABLE',0,0,'NOT APPLICABLE','0','NOT APPLICABLE',0,'NOT APPLICABLE',0,0,'NOT APPLICABLE',0,0,'NOT APPLICABLE',0,'NOT APPLICABLE',0,'NOT APPLICABLE',0,'NOT APPLICABLE'),(98,'John Clyde','Alarcon','Basig','N/A','0000-00-00','Puerto Princesa City','Cavite','Philippines','Male','Single',1.7,70,'09241230192','N/A','N/A','N/A','N/A','N/A',146,'Korean','San Manuel','Mangahan Rd.','Mangahan Village','Brgy. San Manuel','Puerto Princesa City','Puerto Princesa','Palawan','5300','Bgy. San Manuel','Bgy. San Manuel','Mangahan Village','Bgy. San Manuel','Puerto Princesa City','Puerto Princesa City','Palawan','5300','123-534','09123345312','Janivan@gmail.com',0,0,'N/A',0,0,'N/A','0','N/A',0,'N/A',0,0,'N/A',0,0,'N/A',0,'N/A',0,'N/A',0,'N/A'),(99,'John Allen','Collado','Dugelio','NOT A','2002-12-09','Puerto Princesa City','Palawan','Philippines','Male','Single',2.09,19,'09090909090','A','090909','9999','909090','1212',99,'Filipino','169 Rizal Avenue, Puerto Princesa City, Palaw','Rizal Avenue','NOT APPLICABLE','Kifinicarl','Puerto Princesa City','NOT APPLICABLE','Palawan','0909','169 Rizal Avenue, Puerto Princesa City, Palaw','Rizal Avenue','NOT APPLICABLE','Kifinicarl','Puerto Princesa City','NOT APPLICABLE','Palawan','0909','199-991-0','09090909090','ambotsaemow@gmail.com',0,0,'NOT APPLICABLE',0,0,'NOT APPLICABLE','0','NOT APPLICABLE',0,'NOT APPLICABLE',0,0,'NOT APPLICABLE',0,0,'NOT APPLICABLE',0,'NOT APPLICABLE',0,'NOT APPLICABLE',0,'NOT APPLICABLE'),(100,'Angelyn','Diego','Ombe','N/A','1999-08-10','Matsumoto-shi','Nagano','Japan','Female','Single',1.61,49,' +8180-306-7615','AB-','N/A','N/A','84417442','246808642',100,'Japanese','N/A','317-1013, Kamada','N/A','N/A','Matsumoto-shi','Matsumoto-shi','Nagano','399-7402','317-1013, Kamada,Matsumoto-shi, Nagano, Japan','317-1013,Kamada','N/A','N/A',' Matsumoto-shi',' Matsumoto-shi','Nagano','399-7402','N/A',' +8180-306-7615','chiyo.sugiyama@yahoo.co.jp',0,0,'NOT APPLICABLE',0,0,'NOT APPLICABLE','0','NOT APPLICABLE',0,'NOT APPLICABLE',0,0,'NOT APPLICABLE',0,0,'NOT APPLICABLE',0,'NOT APPLICABLE',0,'NOT APPLICABLE',0,'NOT APPLICABLE'),(101,'Alvin Jay','Diego','Ombe','N/A','2003-06-18','Saint Clairsville','Ohio','USA','Male','Single',1.7,46,'740-839-3296','O','N/A','N/A','N/A','N/A',123,'FIL-AM','3364 Irving Road, Saint Clairsville,Ohio','3364 Irving Road',' Irving Road Village','Brgy.Ohio','Ohio','America','New York','9002',' G/F Greenbelt 5, Legaspi Street, Legaspi Vil',' G/F Greenbelt 5, Legaspi Street, Legaspi Vil','Legaspi Village','Brgy.G/F Greenbelt 5','Makati City','Manila','Metro Manila','9003','N/A','09729908823','ombe@example.com',0,0,'N/A',0,0,'N/A','0','N/A',0,'N/A',0,0,'N/A',0,0,'N/A',0,'N/A',0,'N/A',0,'N/A'),(102,'Ken Lorenz','San Gabriel','Sendaydiego','N/A','2001-12-03','Puerto Princesa','Palawan','Philippines','Male','Single',1.8,56,'09083434822','A','N/A','N/A','N/A','N/A',202180381,'Filipino','N/A','Pilapil St.','N/A','Brgy. Manuel','Puerto Princesa City','N/A','Palawan','5300','N/A','Pilapil St.','N/A','Brgy. Manuel','Puerto Princesa City','N/A','Palawan','5300','919-7421','09083434822','kenlorenz@gmail.com',0,0,'N/A',0,0,'N/A','0','N/A',0,'N/A',0,0,'N/A',0,0,'N/A',0,'N/A',0,'N/A',0,'N/A'),(103,'Nikita','Lagan','Abela','N/A','2002-10-02','Taguig','Taguig','Philippines','Female','Married',1.7,55,'09102345678','AB-','N/A','N/A','N/A','N/A',103000,'Filipino','Block #100','Maingay St','Cocomelon Vill.','Bgy. Tahimik','Taguig City','Taguig','Taguiguig','4567','Block #100','Maingay St.','Cocomelon Vill.','Bgy. Tahimik','Taguig City','Taguig','Taguiguig','4567','123-5678','09102345678','nikita@gamil.com',0,0,'N/A',0,0,'N/A','0','N/A',0,'N/A',0,0,'N/A',0,0,'N/A',0,'N/A',0,'N/A',0,'N/A'),(104,'Jameson Mark','Olac','Carabot','N/A','2002-03-06','Athens','Mediterranean','Greece','Male','Divorced',1.5,48,'09090909090','O-','N/A','N/A','N/A','N/A',104,'Greek','28 Oktovriou Street (Patision Street)','28 Oktovriou Street (Patision Street)','28 Oktovriou Street (Patision Street)','28 Oktovriou Street (Patision Street)','28 Oktovriou Street (Patision Street)','28 Oktovriou Street (Patision Street)','28 Oktovriou Street (Patision Street)','10431','28 Oktovriou Street (Patision Street)','28 Oktovriou Street (Patision Street)','28 Oktovriou Street (Patision Street)','28 Oktovriou Street (Patision Street)','28 Oktovriou Street (Patision Street)','28 Oktovriou Street (Patision Street)','28 Oktovriou Street (Patision Street)','10431','N/A','N/A','ndkf2@gmail.com',0,0,'N/A',0,0,'0','0','N/A',0,'N/A',0,0,'N/A',0,0,'N/A',0,'N/A',0,'N/A',0,'N/A'),(106,'Carljay','Sabaulan','Almojuela','N/A','1992-03-29','Puerto Princesa City','Palawan','Philippines','Male','Divorced',1.9,67,'09222222211','A-','2004013323','0433458712653','091245641800','439-377-771',312,'Filipino','Bgy. Pulso D makahinga','Nasundot st.','Sawi village','Bgy. Pulso D makahinga','Puerto Princesa City','N/A','Palawan','5300','Bgy. Pulso D makahinga','Nasundot st.','Sawi village','Bgy. Pulso D makahinga','Puerto Princesa City','N/A','Palawan','5300','377-5555-23','09222244221','JZJUE@gmail.com',0,0,'N/A',0,0,'N/A','0','N/A',0,'N/A',0,0,'N/A',0,0,'N/A',0,'N/A',0,'N/A',0,'N/A'),(110,'Jacob Ryan','Edep','Rabang','N/A','1997-10-23','Puerto Princesa City','Palawan','Philippines','Male','Single',1.56,60,'09950372824','N/A','N/A','N/A','N/A','N/A',201980064,'Filipino','Brgy.Masipag','Valencia St.','N/A','Brgy.Masipag','Puerto Princesa City','Palawan','Palawan','5300','Brgy.Masipag','Valencia St.','N/A','Brgy.Masipag','Puerto Princesa City','Palawan','Palawan','5300','N/A','09950372824','rabangjacobryan23@gmail.com',0,0,'N/A',0,0,'N/A','0','N/A',0,'N/A',0,0,'N/A',0,0,'N/A',0,'N/A',0,'N/A',0,'N/A'),(111,'Luin','Mariquit','Formento','N/A','2002-02-02','Shinjuku','Tokyo','Japan','Male','Single',1.6,75,'09112299885','AB+','002223262711','11334464591','998877665544','135792468',619,'Japanese','NOT APPLICABLE','Elm Street','Notmy Village','Hindi Barangay','McMurdo','McDont','Chilena','10301','NOT APPLICABLE','Homeless Street','Villageless Village','Walang Barangay','Tokyo','Bunkyo-ku','Ishigami','21412','5544-1122','09010010010','notmyemail@yourmail.com',0,0,'N/A',0,0,'N/A','0','N/A',0,'N/A',0,0,'N/A',0,0,'N/A',0,'N/A',0,'N/A',0,'N/A'),(123,'Elsid Rick','Lopez','Panolino','N/A','2003-01-01','Puerto Princesa','Palawan','Philippines','Male','Single',1.5,50,'09887766553','A','NOT APPLICABLE','NOT APPLICABLE','NOT APPLICABLE','3344',100,'Filipino','234','abc street','Silicon Valley','Sta Monica','Puerto Princesa City','NOT APPLICABLE','Palawan','3200','234','Abc Street','Silicon Valley','Sta Monica','Puerto Princesa City','NOT APPLICABLE','PALAWAN','3200','03-1232322','09555555555','elsid@gmail.com',0,0,'NOT APPLICABLE',0,1,'Cyberbullying','0','NOT APPLICABLE',0,'NOT APPLICABLE',0,0,'NOT APPLICABLE',0,0,'NOT APPLICABLE',0,'NOT APPLICABLE',0,'NOT APPLICABLE',0,'NOT APPLICABLE'),(124,'Lorenz','Rala','Lucio','N/A','2003-04-17','Dumaran','Palawan','Philippines','Male','Married',2.2,72,'09151979361','A+','NOT APPLICABLE','NOT APPLICABLE','NOT APPLICABLE','NOT APPLICABLE',10022002,'Filipino',' Danleg','Kahitsaan st.','Pumasa Village','Brgy.Pasado','Puero Princesa City','Dumaran','Palawan','5300','Danleg','Kahitsaan St.','Pumasa Village','Brgy. Pasado','Puerto Princesa City','Dumaran','Palawan','5300','NOT APPLICABLE','09151979361','llorenz@gmail.com',0,0,'N/A',0,0,'N/A','0','N/A',0,'N/A',0,0,'N/A',0,0,'N/A',0,'N/A',0,'N/A',0,'N/A'),(125,'John Cedrick','Claro','Chu','N/A','2001-04-28','Taguig','Metro Manika','Philippines','Male','Single',1.6,53,'09295239600','AB+','N/A','N/A','N/A','N/A',202080159,'Filipino','Baltan St. San Miguel','Baltan','N/A','San Miguel','Puerto Princesa','Palawan','Palawan','5300','N/A','N/A','N/A','San Miguel','Puerto Princesa','N/A','Palawan','5300','N/A','09295239600','shikitono@yahoo.com',0,0,'N/A',0,0,'0','0','N/A',0,'N/A',0,0,'N/A',0,0,'N/A',0,'N/A',0,'N/A',0,'N/A'),(132,'Kenneth Clifford','Magalona','Janoras','N/A','2003-04-22','Cavite City','Cavite','Philippines','Male','Single',1.56,44,'09625236213','O','N/A','N/A','N/A','N/A',23221,'Chinese','N/A','Dabog street','Villager','Brgy Sto. tomas','Sandiwa','Pasaw','Palawan','53222','N/A','N/A','villager','Brgy. Sto. tomas','N/A','Cavite City','Metro MAnila','53767','N/A','09325127362','fafamo212@gmail.com',0,0,'N/A',0,0,'N/A','0','0',0,'N/A',0,0,'N/A',0,0,'N/A',0,'N/A',0,'N/A',0,'N/A'),(143,'John','Palao','Gadiano','N/A','2002-10-14','Puerto Pricesa City','Palawan','Philippines','Male','Single',1.67,45,'09123456789','AB+','N/A','N/A','N/A','N/A',33,'Filipino','Brgy. San Jose','Pssst St.','Village North','Brgy. San Jose','Puerto Princesa City','Aborlan','Palawan','5302','Brgy. San Juan','N/A','Village North','Brgy. San Juan','Puerto Princesa City','Aborlan','Palawan','5302','87000','09123456789','krazymix@gmail.com',0,0,'N/A',0,0,'N/A','0','N/A',0,'N/A',0,0,'N/A',0,0,'N/A',0,'N/A',0,'N/a',0,'N/A'),(187,'Jarette Albert','Ibong','Lee','N/A','2002-12-03','Cuyo ','Palawan','Philippines','Male','Single',1.68,70,'09124452356','O','N/A','N/A','N/A','N/A',187,'Filipino','187 Burgos st.','Villagracia','Jordan Village','Brgy. Cabigsing','Cuyo','Cuyo','Palawan','5300','187 Lebron Macawili ','187 Lebron','Jordan Village','Brgy. Cabigsing','Cuyo','Cuyo','Palawan','5300','12-0983-234','09238234942','MannyPacquio@gmail.com',0,0,'N/A',0,0,'N/A','0','N/A',0,'N/A',0,0,'N/A',0,0,'N/A',0,'N/A',0,'N/A',0,'N/A'),(223,'Cloyd','Yusop','Talirongan','N/A','2004-02-23','Puerto Princesa City','Palawan','Philippines','Male','Single',1.75,50,'09092945231','O+','N/A','N/A','N/A','N/A',82531892,'American','N/A','Manalo Street','N/A','Bancao-bancao','Puerto Manila','Palawan','Palawan','2000','N/A','Sesame Street','Malolos','manok na pula','MANILA ZOO','MALVAR','PALAWAN','2345','N/A','09995395837','mamamo@gmail.com',0,0,'N/A',0,0,'N/A','0','N/A',0,'N/A',0,0,'N/A',0,0,'N/A',0,'N/A',0,'N/A',0,'N/A'),(321,'Kristian Marc Anthony','Mendoza','Ng','N/A','2001-03-21','Puerto Princesa City','Palawan','Philippines','Male','Single',1.8,45,'09672385642','A','N/A','N/A','6739674856454','785365006',21,'Filipino','57483','Straight','N/A','San Darating','Words City','N/A','Mount','5300','57483','Straight','N/A','San Darating','Words City','N/A','Mount','5300','4343836','09748787562','mrcxngpogi@pogi.com',0,0,'N/A',0,0,'N/A','0','N/A',0,'N/A',0,0,'N/A',0,0,'N/A',0,'N/A',0,'N/A',0,'N/A'),(420,'Khalil Angelo','Timbancaya','Acosta','N/A','2002-11-29','Puerto Princesa City','Palawan','Philippines','Male','Single',1.85,55,'09773349678','A+','N/A','N/A','N/A','N/A',420,'Filipino','Manalo St. Brgy Kalipay','Manalo St','N/A','Barangay Kalipay','Puerto Princesa City','Puerto Princesa City','Palawan','5300',' Manalo St. Brgy Kalipay PPC Palawan',' Manalo St. Brgy Kalipay PPC Palawan','N/A','Barangay Kalipay','Puerto Princesa City','Puerto Princesa City','Palawan','5300','N/A','09773349678','kosanggalit@gmail.com',0,0,'N/A',0,0,'N/A','0','N/A',0,'N/A',0,0,'N/A',0,0,'N/A',0,'N/A',0,'N/A',0,'N/A'),(425,'Rochelle','Locsin','Matillano','N/A','1990-07-12','Puerto Princesa','Palawan','Philippines','Female','Single',1.58,50,'09123456968','AB','N/A','N/A','N/A','N/A',425,'U.S','1234 Maple Street','Pinecrest Avenue','Greenwood Hills','N/A','Springfield City','N/A','N/A','98765','1234 Maple Street','Pinecrest Avenue','Village West','N/A','Springfield City','N/A','N/A','98765','123-4567','987-6543','rochellematillano12@gmail.com',0,0,'N/A',0,0,'N/A','0','N/A',0,'N/A',0,0,'N/A',0,0,'N/A',0,'N/A',0,'N/A',0,'N/A'),(455,'Allyne','Sipin','Singson','N/A','2001-12-31','Baguio','Benguet','Philippines','Female','Single',1.6,48,'09987654321','O+','N/A','N/A','N/A','N/A',455,'Filipino','Baguio City, Benguet','N/A','N/A','Hillside','Baguio City','N/A','Benguet','2600','Baguio City, Benguet','N/A','N/A','Hillside','Baguio City','N/A','Benguet','2600','N/A','09987654321','akonalangsana@yahoo.com',0,0,'N/A',0,0,'N/A','0','N/A',0,'N/A',0,0,'N/A',0,0,'N/A',0,'N/A',0,'N/A',0,'N/A'),(619,'Jeff Paul','Nangit','Manglicmot','N/A','1888-08-08','Bangkok','Nonthaburi','Thailand','Male','Married',1.72,65,'09694201433','O-','N/A','N/A','N/A','N/A',421,'Thai','N/A','Parasa','N/A','Changwat','Bangkok','N/A','N/A','1300','319 Samsennai ','Rangsit Road','N/A','Teebay','Bangkok','N/A','Bangkok','10400','N/A','09064201433','bakungkungbakungkung@mail.ru',0,0,'N/A',0,0,'N/A','0','N/A',0,'N/A',0,0,'N/A',0,0,'N/A',0,'N/A',0,'N/A',0,NULL),(666,'Ronillynuel James','Catli','Agum','N/A','2001-10-11','Boring','Oregon','US','Male','Widowed',1,1,'09124567890','AB','NOT APPLICABLE','NOT APPLICABLE','NOT APPLICABLE','NOT APPLICABLE',202180414,'Nigerian','Taylor Shift','Back Street Boys','Vicause Tonoight','Barangay Patrol','City High','Wobawublubdob','Palawan','5000','Aramaywan','Magsasaka','Silver','Dayum','York New','Bansutai','Palawan','5000','666-666-666','666-666-666','whoseurdaddy@iloveu.com',0,0,'NOT APPLICABLE',0,0,'NOT APPLICABLE','0','NOT APPLICABLE',0,'NOT APPLICABLE',0,0,'NOT APPLICABLE',0,0,'NOT APPLICABLE',0,'NOT APPLICABLE',0,'NOT APPLICABLE',0,'NOT APPLICABLE'),(771,'Allen','De Guzman','Selga','N/A','1998-01-01','Baguio City','Benguet','Philippines','Male','Married',2,74,'09028484134','AB-','N/A','N/A','N/A','N/A',771,'Filipino','Junction 1','Rizal Ave.','Royal VIllage','Barangay Dimakita','Puerto Princesa City','Puerto Princesa City','Palawan','5300','Dimakalimot St. Brgy. Dimakita PPC','Libis','Fillinvest','Barangay Paasa','Puerto Princesa City','Narra','Palawan','5300','N/A','09327435234','akopa@gmail.com',0,0,'N/A',0,0,'N/A','0','N/A',0,'N/A',0,0,'N/A',0,0,'N/A',0,'N/A',0,'N/a',0,'N/A'),(777,'Raquel','Rubion','Relata','N/A','2000-01-30','Christmas Island','New Brunswick','canada','Female','Single',1.49,40,'09111222333','A+','N/A','01-1234567-1','01-123456789-2','1234567',7777,'Canadian','123 MONCTON','Riverfront Trail, Greater Moncton','Moncton village','Rue Main','Nouveau‑Brunswick','City hall Moncton','Canada','1881','City hall Moncton','N/A','Happy Village','liminangcong','Vancouver','Vancouver mun','Vancouver pro','0563','N/A','09789456123','raquelrelata18@gmail.com',0,0,'N/A',0,0,'N/A','0','N/A',0,'N/A',0,0,'N/A',0,0,'N/A',0,'N/A',0,'N/A',0,'N/A'),(822,'Emmanuel','Gadot','Juanich','N/A','2002-12-07','Puerto Princesa','Palawan','Philippines','Male','Single',1.63,56,'09282229908','O+','N/A','N/A','092822','N/A',822,'Filipino','Brgy.Maunlad','bonifaco','Bonifacio 123','brgy.Maunlad','Puerto Princesa','Palawan','Palawan','5300','bonifacio 123','Bonifacio 123','Bonifacio Village','Brgy. Maunlad','Palawan','Taytay','Palawan','5300','N/A','09282229908','Juanich@gmail.com',0,0,'N/A',0,0,'N/A','0','N/A',0,'N/A',0,0,'N/A',0,0,'N/A',0,'N/A',0,'N/A',0,'N/A'),(888,'Synteche','Magarce','Sabandal','N/A','1990-08-01','Puerto Princesa','Palawan','Philippines','Female','Single',1.88,45,'09987654321','A','N/A','N/A','N/A','111',888,'Filipino','Luna road','Matahimik Street','Westwood','Barangay San Pedro','Puerto Princesa City','Puerto Princesa','Palawan','8180','Luna road','Matahimik Street','Westwood','Barangay San Pedro','Puerto Princesa City','Puerto Princesa','Palawan','8180','N/A','09987654321','sintetsi@gmail.com',0,0,'N/A',0,0,'N/A','0','N/A',0,'N/A',0,0,'N/A',0,0,'N/A',0,'N/A',0,'N/A',0,'N/A'),(913,'Denzel Andrei','Ballesteros','Bermejo','N/A','1999-09-13','Puerto Princesa City','Palawan','Philippines','Male','Single',1.65,55,'09464655535','O','N/A','N/A','N/A','N/A',5300037,'Filipino','Irawan','Calvary','N/A','Irawan','Puerto Princesa City','N/A','Palawan','5300','N/A','N/A','N/A','Irawan','Puerto Princesa City','N/A','Palawan','5300','N/A','09464655535','denz@gmail.com',0,0,'N/A',0,0,'0','0','N/A',0,'N/A',0,0,'N/A',0,0,'N/A',0,'N/A',0,'N/A',0,'N/A'),(991,'John Cletus','Nale','Blas','NOT A','2002-09-15','Puerto Princesa City','Palawan','Philippines','Male','Single',2,69,'09112212593','A+','NOT APPLICABLE','NOT APPLICABLE','NOT APPLICABLE','NOT APPLICABLE',991,'FIlipino','Bgy. San Miguel','Baltan St.','NOT APPLICABLE','Bgy. San Miguel','Puerto Princesa City','NOT APPLICABLE','Palawan','5300','Bgy. San Miguel','Baltan St.','NOT APPLICABLE','Bgy. San Miguel','Puerto Princesa City','NOT APPLICABLE','Palawan','5300','NOT APPLICABLE','09123356123','djpadilla@gmail.com',0,0,'NOT APPLICABLE',0,0,'NOT APPLICABLE','0','NOT APPLICABLE',0,'NOT APPLICABLE',0,0,'NOT APPLICABLE',0,0,'NOT APPLICABLE',0,'NOT APPLICABLE',0,'NOT APPLICABLE',0,'NOT APPLICABLE'),(1000,'Vincent Adrian','Pacleb','Abian','N/A','2002-02-14','Milan','Lombardy','Italy','Male','Single',1.75,70,'09453252342','A+','N/A','N/A','N/A','N/A',0,'Italian','N/A','Via Callicratide 49','N/A','N/A','La Salle','N/A','Aosta','11015','N/A','Via Callicratide 49','N/A','N/A','La Salle','N/A','Aosta','11015','N/A','N/A','vincentabian@gmail,com',0,0,'N/A',0,0,'N/A','0','N/A',0,'N/A',0,0,'N/A',0,0,'N/A',0,'N/A',0,'N/A',0,'N/A'),(1001,'Arnaldo','de Leon','Olarte','Jr.','2000-09-08','Puerto Princesa City','Palawan','Philippines','Male','Single',1.68,55,'09997046284','A+','NOT APPLICABLE','NOT APPLICABLE','NOT APPLICABLE','NOT APPLICABLE',1001,'Filipino','NOT APPLICABLE','Rizal Avenue','NOT APPLICABLE','San Miguel','Puerto Princesa City','NOT APPLICABLE','Palawan','5300','San Miguel','Rizal Avenue','NOT APPLICABLE','San Miguel','Puerto Princesa City','NOT APPLICABLE','Palawan','5300','NOT APPLICABLE','09997046284','ajolarte08@gmail.com',0,0,'NOT APPLICABLE',0,0,'0','0','NOT APPLICABLE',0,'NOT APPLICABLE',0,0,'NOT APPLICABLE',0,0,'NOT APPLICABLE',0,'NOT APPLICABLE',0,'NOT APPLICABLE',0,'NOT APPLICABLE'),(1129,'Anthoy Steven','N/A','Adato','N/A','2001-11-29','Puerto Princesa City','Palawan','Philippines','Male','Single',1.7,55,'09123498572','AB+','N/A','N/A','N/A','N/A',112901,'Filipino','N/A','N/A','N/A','Sicsican','Puerto Princesa City','PPC','Palawan','5300','N/A','N/A','N/A','Sicsican','Puerto Princesa','Puerto Princesa','Palawan','5300','N/A','N/A','N/A',0,0,'N/A',0,0,'N/A','0','N/A',0,'N/A',0,0,'N/A',0,0,'N/A',0,'N/A',0,'N/A',0,'N/A'),(1214,'Ria joy','Tingdan','Brizo','N/A','1998-02-04','Quezon Palawan','Palawan','Philippines','Female','Single',1.57,45,'09012345678','O+','N/A','N/A','N/A','N/A',121417,'Indian','Bgy, San jose','143 street','Promise Land','Bgy San jose','Puerto Princesa City','N/A','Palawan','5300','143 promise land, Bgy san jose, Puerto Prince','N/A','N/A','N/A','N/A','Quezon Palawan','Palawan','5300','02-0123456','09012345678','brizoriajoy@gmail.com',0,0,'N/A',0,0,'N/A','0','0',0,'N/A',0,0,'N/A',0,0,'N/A',0,'N/A',0,'N/A',0,'N/A'),(1304,'Aldrin','Tibus','Delicias','N/A','2023-10-31','Sereitei','mid level','Soul Society','Male','Single.',12.5,56,'09044445335','G','N/A','N/A','N/A','N/A',0,'Arangkar','sa','moon','badyang','earth','kahit','san','lang','4335','pala','hayst','N/A','N/A','N/A','N/A','N/A','N/A','N/A','N/A','N/A',0,0,'N/A',0,0,'N/A','0','N/A',0,'N/A',0,0,'N/A',0,0,'N/A',0,'N/A',0,'N/A',0,'N/A'),(1814,'Tiffany Joy','Castro','Iquin','N/A','1990-11-11','Shibuya','Tokyo','Japan','Female','Single',1.6,55,'09090909090','O+','N/A','N/A','09-085556525-1','N/A',261,'Japanese','N/A','259-1104, Takahagihigashi','N/A','N/A','Saitama City','N/A','Saitama','5796','37-2','Minamisuna 2-chome','N/A','N/A','Tokyo city','N/A','N/A','5796','494-4444','09090909090','gochisosamadeshita@gmail.com',0,0,'N/A',0,0,'N/A','0','N/A',0,'N/A',0,0,'N/A',0,0,'N/A',0,'N/A',0,'N/A',0,'N/A'),(1818,'Sairah Faith','De los Reyes','Tablatin','N/A','1994-11-08','Georgio','Atlanta','United State','Female','Single',1.59,50,'09021819143','O','GSIS21826','SSS18192','PHIL1918','TIN321',1818,'Korean','San Miguel Dacanay Road.','Dacanay','Oak Grove','Barangay Lumakad','Georgio','Atlanta','Alaska','1218','Magnolia Drive.','456 Magnolia Drive','Riverdale','Barangay Itim','Georgio','Puerto Princesa City','Chatham County','1725','02-9775543','09185115461','saisaifaithL@gmail.com',0,0,'N/A',0,0,'N/A','0','N/A',0,'N/A',0,0,'N/A',0,0,'N/A',0,'N/A',0,'N/A',0,'N/A'),(1830,'Mizraim ','Balgoma','San Juan','N/A','1999-01-29','Culion','Palawan','Nigeria','Female','Single',1.5,45,'09095533221','O+','244466666','N/A','N/A','N/A',3018,'Filipino','bgy pilapil','st.mapalad','Synch Ville','Green Hills','Puerto Princesa City','Palawan','Pasig','5400','Beverly Hills','High land','N/A','Bungcag','Tarlac','Narra','Manila','9000','099-889-0','09897768677','mom233@gmail.com',0,0,'N/A',0,0,'N/A','0','N/A',0,'N/A',0,0,'N/A',0,0,'N/A',0,'N/A',0,'N/A',0,'N/A'),(2023,'Bhea Jane','Junio','Cafugauan','N/A','1998-12-09','Rizal ','Palawan','Philippines','Female','Single',1.52,46,'09460860540','O+','N/A','N/A','N/A','N/A',99,'Wakanda','Marvel','N/A','N/A','N/A','Avengers','Rizal','Wakanda Forever','2000','N/A','N/A','N/A','N/A','N/A','Rizal','Palawan','2000','N/A','09460860540','cafugauanbheajane@gmail.com',0,0,'N/A',0,0,'N/A','0','N/A',0,'N/A',0,0,'N/A',0,0,'N/A',0,'N/A',0,'N/A',0,'N/A'),(2121,'Kevin Cesar','Juan','Jacobo','NOT A','2003-06-08','Dasmariñas ','Cavite','Philippines','Male','Single',1.9,70,'0912212121','AB','NOT APPLICABLE','NOT APPLICABLE','NOT APPLICABLE','NOT APPLICABLE',0,'Filipino','NOT APPLICABLE','Rizal Avenue','NOT APPLICABLE','Tiniguiban','Puerto Princesa City','NOT APPLICABLE','Palawan','5300','NOT APPLICABLE','Rizal Avenue','NOT APPLICABLE','Tiniguiban','Puerto Princesa City','NOT APPLICABLE','Palawan','5300','NOT APPLICABLE','NOT APPLICABLE','pogiako@gmail.com',0,0,'NOT APPLICABLE',0,0,'0','0','NOT APPLICABLE',0,'NOT APPLICABLE',0,0,'NOT APPLICABLE',0,0,'NOT APPLICABLE',0,'NOT APPLICABLE',0,'NOT APPLICABLE',0,'NOT APPLICABLE'),(2309,'Mel Joseph','Gabuco','Paredes','N/A','2000-08-16','Tachikawa','Tokyo','Japan','Male','Single',1.63,50,'09230908165','A+','N/A','N/A','N/A','N/A',2309,'Japanese','1-2-3 Chome','Midorigaoka','N/A','N/A','Tachikawa-shi','N/A','Tokyo','5800','1-2-3 Chome','Midorigaoka','N/A','N/A','Tachikawa-shi','N/A','Tokyo','5800','3-1234-5555','81312456781','mikotomisaki@gmail.com',0,0,'N/A',0,0,'N/A','0','N/A',0,'N/A',0,0,'N/A',0,0,'N/A',0,'N/A',0,'N/A',0,'N/A'),(5156,'Francis Paul','Rieza','Hizon','N/A','2000-09-02','Melbourne','Victoria','Australia','Male','Single',1.8,70,'09051520062','B+','N/A','N/A','N/A','N/A',51506,'Australian','N/A','Sesame Street','N/A','N/A','Melbourne','N/A','Victoria','3000','N/A','Sesame Street','N/A','N/A','Melbourne','N/A','Victoria','3000','N/A','09051520062','keeluwah@gmail.com',0,0,'N/A',0,0,'N/A','0','N/A',0,'N/A',0,0,'N/A',0,0,'N/A',0,'N/A',0,'N/A',0,'N/A'),(8764,'Liezel Jay','Barbacena','Diong','N/A','1976-01-18','Bangkok','Nonthaburi','Thailand','Female','Single',1.6,68,'+66 987-654-321','B+','1234567890','N/A','N/A','TIN123',4567,'Thai',' 456 Soi Sukhumvit, Bangkok','Sukhumvit Road','Happy Homes Village','Bang Chak','Bangkok','Nong Khaem','Bangkok','10160','789 Pattaya Beach Road, Chonburi','Beach Road','Serenity Villas','Pattaya Beach','Pattaya','Bang Lamung','Chonburi','20150','+66 2 987-6543','+66 876-543-210','N/A',0,0,'N/A',0,0,'N/A','0','N/A',0,'N/A',0,0,'N/A',0,0,'N/A',0,'N/A',0,'N/A',0,'N/A'),(9090,'Richo','Orehuela','Combinido','N/A','2001-09-09','Rio Tuba','Palawan','Philippines','Male','Single',1.6,72,'09301728065','O+','N/A','N/A','N/A','N/A',707070,'Filipino','PPSAT','Lot 1, block 1 ','Employees Village ','Sta. Monica','Puerto Princesa City ','Puerto Princesa City ','Palawan','5300','Employees Village ','PPSAT ','Employees Village ','Sta. Monica','Puerto Princesa City ','Palawan','Palawan','5300','N/A','09301728065','combinidoricho@gmail.com',0,0,'N/A',0,0,'N/A','0','N/A',0,'N/A',0,0,'N/A',0,0,'N/A',0,'N/A',0,'N/A',0,'N/A'),(9999,'James Barry','Menchavez','Almerez','N/A','1985-08-25','Puerto Princesa','Palawan','Philippines','Male','Single',1.65,75,'09123456789','B+','GSIS12345','SSS54321','PHIL8765','TIN123',9999,'Filipino','456 Mabini St.','Mabini Street','Village East','Barangay San Antonio','Pasig City','Pasig','Metro Manila','1600','789 Aurora Blvd.','Aurora Boulevard','Village West','Barangay Santolan','Quezon City','Quezon City','Metro Manila','1100','02-9876543','09234567890','jamesbarry123@email.com',0,0,'N/A',0,0,'N/A','0','N/A',0,'N/A',0,0,'N/A',0,0,'N/A',0,'N/A',0,'N/A',0,'N/A'),(11111,'Dean','Dalabajan','Sabroso','N/A','2001-09-24','Cuyo','Palawan','Philippines','Male','Seperated',1.63,78,'09870066666','AB+','N/A','N/A','N/A','N/A',110011,'Filipino','Cuyo','Purok Sampaguita','Parabaleng Village','Bancal','Puerto Princesa City','Cuyo','Palawab','5318','Magsaysay','Putic','Balay Oko','Brgy. Noah','PPC','Magsaysay','Palawan','5300','N/A','09345675432','https@gmail.com',0,0,'N/A',0,0,'N/A','0','N/A',0,'N/A',0,0,'N/A',0,0,'N/A',0,'N/A',0,'N/A',0,'N/A'),(12345,'Jessica','Gloria','Cabilar','N/A','2001-09-19','Puerto Princesa','Palawan','Philippines','Female','Single',1.55,63,'09123456732`','O+','N/A','N/A','N/A','N/A',202080150,'Filipino','Tulingan Street Bgy. Mandaragat','Tulingan Street','Maligaya','Bgy. Mandaragat','Puerto Princesa City','Puerto Princesa City','Palawan','5300','Tulingan Street Bgy. Mandaragat','Tulingan Street','Maligaya','Bgy. Mandaragat','Puerto Princesa City','Puerto Princesa','Palawan','5300','N/A','09123454355','cabilarjessica19@gmail.com',0,0,'N/A',0,0,'N/A','0','N/A',0,'N/A',0,0,'N/A',0,0,'N/A',0,'N/A',0,'N/A',0,'N/A'),(14369,'Keff Ivan','Collantes','Decolongon','N/A','2003-05-29','Arkon','Ohio','USA','Male','Single',1.75,100,'09010143666','O-','123143666','N/A','N/A','N/A',6660069,'Black American','Blk. 143','Downtown','Kinaladkad Village','Brgy. Hev Abi','Arkon','N/A','Ohio','9002','Blk. 143','Downtown','Kinaladkad Village','Brgy. Hev Abi','Arkon','N/A','Ohio','9002','N/A','+1 937- 2291000','AkoNalangKasi@gmail.com',0,0,'N/A',0,0,'N/A','0','N/A',0,'N/A',0,0,'N/A',0,0,'N/A',0,'N/A',0,'N/A',0,'N/A'),(18098,'Irish Jean','N/A','Gillona','N/A','2002-08-01','Puerto Princesa City','Palawan','Philippines','Female','Single',1.6,48,'09514745862','B+','GSIS23234','SSS23456789','phil122356','TIN745',147890,'American','Sydney 123','123 street','123 village','barangay 123','Puerto princesa city','aloha','Palawan','5600','88888 IceBerg','890 Street','Solve village','san antonio','calamba city','brokelyn','la brea','5700','345-789','095147745864','aymyours123@ghotmail.com',0,0,NULL,0,0,NULL,'',NULL,0,NULL,0,0,NULL,0,0,NULL,0,NULL,0,NULL,0,NULL),(20202,'Zoe Ayessa','N/A','Buesa','N/A','2001-10-14','Puerto Princesa City','Palawan','Philippines','Female','Single',1.72,72,'09823451234','AB','N/A','N/A','N/A','123-234-126',5,'Filipino','123 Apartment Complex','Heredero Road','N/A','Milagrosa','Puerto Princesa City','N/A','Palawan','5300','123 Apartment Complex','Heredero Road','N/A','Milagrosa','Puerto Princesa City','N/A','Palawan','5300','434-9765','09823451234','zoe.employee@gmail.com',0,0,'N/A',0,0,'N/A','0','N/A',0,'N/A',0,0,'N/A',0,0,'N/A',0,'N/A',0,'N/A',0,'N/A'),(20203,'Renz Carl','Antenero','Ozoa','N/A','2001-10-18','Puerto Princesa City','Palawan','Philippines','Male','Single',1.65,85,'09672841927','O','N/A','N/A','N/A','N/A',20203,'Filipino','Brgy Tiniguiban','Kings Landing','N/A','Brgy Tiniguiban','Paradis island','Palawan','Palawan','5340','N/A','N/A','N/A','Brgy Tiniguiban','DisneyLand','N/A','Palawan','5300','N/A','09782451937','renzpogi@gmail.com',0,0,'N/A',0,0,'0','0','N/A',0,'N/A',0,0,'N/A',0,0,'N/A',0,'N/A',0,'N/A',0,'N/A'),(32323,'Chris Daniel','Olila','Daquioag','N/A','2002-10-03','Canlubang, Calamaba Laguna','Manila','Philippines','Male','Single',1.53,63,'09096087337','O+','N/A','N/A','N/A','N/A',32323,'Filipino','N/A','N/A','NHA Ville','Sta. Monica','Puerto Princesa City','Puerto Princesa City','Palawan','5300','Brgy. Barongbarong','Gotham City','Las Almas','Barongbarong','Puerto Princesa City','Brooke\'s Point','Palwan','5300','N/A','09096087338','projectplans@gmail.com',0,0,'N/A',0,0,'N/A','0','N/A',0,'N/A',0,0,'N/A',0,0,'N/A',0,'N/A',0,'N/A',0,'N/A'),(33332,'Ailene Grace','T','Heredero','N/A','2001-06-27','Araceli ','Palawan','Philippines','Female','Single',1.56,53,'09823145679','B+','N/A','N/A','09-876432199-0','N/A',12463,'Filipino','N/A','Arcinas Street','N/A','Tiniguiban','Puerto Princesa','N/A','Palawan','5300','N/A','Purok ll','N/A','Tinintinan','N/A','Araceli','Palawan','5311','N/A','09864321786','123abs@gmail.com',0,0,'N/A',0,0,'N/A','0','N/A',0,'N/A',0,0,'N/A',0,0,'N/A',0,'N/A',0,'N/A',0,'N/A'),(51555,'Aizel','Hoyo-a','Cantado','N/A','2023-11-27','Masbate City','Masbate','Asia\'s Pearl of the Orient','Male','Stand Alon',2.01,100,'00000000000','Z+','N/A','N/A','N/A','N/A',2147483647,'Mekus','Brgy.Cup Island','PapasBoy','N/A','Brgy.MekusMekus','Pogi City','BoarLand','Pogi','55555555555555','N/A','Kahit Saan Street','N/A','Bry.Ginisa','Gwapo City','Gwapz','Gwapo','050505','005-550','0955555555','pogi+gwapo=ako@gmail.com',0,0,'N/A',0,0,'N/A','0','N/A',0,'N/A',0,0,'N/A',0,0,'N/A',0,'N/A',0,'N/A',0,'N/A'),(53005,'Elyn May','Dela Pena','Macatangay','N/A','1982-01-24','Puerto Princesa','Palawan','Philippines','Female','Single',1.51,46,'09123765890','O','N/A','890123sss','N/A','tin8912#',1120,'Filipino','Tiniguiban, PPC','Manalo St','Princesa Village','bgy Sta. Monica','Puerto Princesa','Puerto Princesa','Palawan','5300','Roxas','new york','new york','bgy. VI','Roxas','Roxas','Palawan','5308','N/A','639123456982','Elyn123@gmail.com',0,0,'N/A',0,0,'N/A','0','N/A',0,'N/A',0,0,'N/A',0,0,'N/A',0,'N/A',0,'N/A',0,'N/A'),(55555,'Bjan Cymar','Lamdagan','Cabangbang','N/A','2002-11-13','Cuyo ','Palawan','Philippines','Male','Single',1.56,43,'09701601473','N/A','N/A','N/A','N/A','N/A',202180213,'Filipino','Brgy. San Jose','Lomboy Street','N/A','Brgy. San Jose','Puerto Princesa City','N/A','Palawan','5300','N/A','N/A','N/A','N/A','N/A','N/A','N/A','N/A','N/A','N/A','shinozumar@gmail.com',0,0,'N/A',0,0,'0','0','N/A',0,'N/A',0,0,'N/A',0,0,'N/A',0,'N/A',0,'N/A',0,'N/A'),(69001,'John Bryan','Pantojan','Macalinao','N/A','2003-07-23','Puerto Pincesa City','Palawan','Philippines','Male','Single',1.55,61,'09395017447','A+','1772627731','1383746371283','092200322231','434-701-858',6969696,'Russian','#69','Baltan','Taiga Biome','San Rafael','Puerto Rico City','Palawan','Blecker','8700','#69 Grove Boulevard','Grove street','Los Santos','San Andreas','New York City','NOrth Carolina','Texas','8700','434-8585','09993297447','onlyplans@gmail.com',0,0,'N/A',0,0,'N/A','0','N/A',0,'N/A',0,0,'N/A',0,0,'N/A',0,'N/A',0,'N/A',0,'N/A'),(76444,'Ian Jan','Favila','Aborot','N/A','1989-01-11','Puerto Princesa','Palawan','Philippines','Male','Single',1.65,55,'09094710461','O','GSIS1112','SSS54320','PHIL8722','TIN546',76444,'Filipino','219 Abadsantos Ext.','Abadsantos Street','Village Damayan','Barangay Milagrosa','Lipa City','Lipa','Metro Manila','1633','919 Miras Blvd.','Miras Boulevard','Village West','Barangay Milagrosa','Caloocan City','Caloocan City','Metro Manila','1100','02-9436543','09234555890','selenetwys@email.com',0,0,'N/A',0,0,'N/A','0','N/A',0,'N/A',0,0,'N/A',0,0,'N/A',0,'N/A',0,'N/A',0,'N/A'),(80171,'Joni Caryl','Mayo','Diaz','NA','2001-12-03','Sampaloc','Metro Manila','Philippines','Female','Single',1,50,'09454476799','NA','NA','NA','NA','NA',202080171,'Filipino','Kajinocho','Koganei','NA','Koganei','Koganei','Koganei','Kajinocho','184-002','Tokyo Prefectural HS','Harajuku','Tokyo Prefectural HS','B6 Pali','Coron','Coron','Palawan','5316','NA','09454476799','djonicaryl@gmail.com',0,0,'NA',0,0,'NA','NA','NA',0,'NA',0,0,'NA',0,0,'NA',0,'NA',0,'NA',0,'NA'),(81111,'Verna Karylle','Cayao','Elanan','N/A','2001-11-20','Caguisan, Narra','Palawan','Philippines','Female','Single',1.52,47,'09676753422','O+','N/A','N/A','090258','N/A',81111,'Filipino','Brgy.Sta.Monica','Mckinley 123','Mckinley 1233','Brgy.Sta.Monica','Manila','Manila','Manila','5300','Mckinley 123','Mckinley 123','Mckinley Village','Brgy.Sta.Monica','Manila','Narra','Palawan','5300','N/A','09676753422','vernaelanan@gmail.com',0,0,'N/A',0,0,'N/A','0','N/A',0,'N/A',0,0,'N/A',0,0,'N/A',0,'N/A',0,'N/A',0,'N/A'),(81233,'Alondra','Trinidad','Sola','N/A','2001-03-01','Puerto Princesa','Palawan','Philippines','Female','Single',1.58,47,'09461443255','O','N/A','N/A','09-202612433-8','358-545-989-000',81233,'Filipino','Block #01','Malvar St','South Village','Bgy. Tiniguiban','Puerto Princesa','Aborlan','Palawan','5300','Block Bug','Cornelia Street','Cornelia Village','Bgy. Cornelia','Cornelia City','Aborlan','Palawan','1111','555-555-5','09456637689','Alooon@gmail.com',0,0,'N/A',0,0,'N/A','0','N/A',0,'N/A',0,0,'N/A',0,0,'N/A',0,'N/A',0,'N/A',0,'N/A'),(90001,'Zaj Kenneth','Baldea','Panes','N/A','2002-09-06','Puerto Princesa','Palawan','Philippines','Male','Single',1.7,69,'09270384989','O','N/A','N/A','N/A','N/A',90001,'Filipino','N/A','Lomboy St','N/A','San Jose','Puerto Princesa City','N/A','Palawan','5300','N/A','Lomboy St','N/A','San Jose','Puerto Princesa City','N/A','Palawan','5300','N/A','09270384989','zkp@gmail.com',0,0,'N/A',0,0,'N/A','0','N/A',0,'N/A',0,0,'N/A',0,0,'N/A',0,'N/A',0,'N/A',0,'N/A'),(90002,'Jofli Asaph','Sarmiento','Delcoro','N/A','2000-12-04','Zurich','Zurich','Switzerland','Male','Married',2,90,'09123438123','AB-','N/A','N/A','N/A','N/A',123913,'Swiss','N/A','National Highway','N/A','San Pedro','Puerto Princesa','N/A','Palawan','5300','N/A','National Highway','N/A','San Pedro','Puerto Princesa','N/A','Palawan','5300','412-1233','09123124123','jofli@gmail.com',0,0,'N/A',0,0,'N/A','0','N/A',0,'N/A',0,0,'N/A',0,0,'N/A',0,'N/A',0,'N/A',0,'N/A'),(90107,'Shervielyn Jane','N/A','Apolinar','N/A','2000-10-27','Busan','Daegu','South Korea','Female','Single',1.52,45,'09812345991','B+','09034838','45y8438f8','546383872','12843874',90976,'Korean','Mandeok-dong','Buk-gu St.','N/A','beon-gil','South Korea Busan City','South Korea Busan City','Daegu','5425','South Korea Busan City,Daegu ','Buk-gu St.','N/A','Buk-gu St.','South Korea Busan City','Busan','Daegu','50756','N/A','+12829843','jungkookpogi@gmail.com',0,0,'N/A',0,0,'N/A','0','N/A',0,'N/A',0,0,'N/A',0,0,'N/A',0,'N/A',0,'N/A',0,'N/A'),(90197,'Shervielyn Jane','N/A','Apolinar','N/A','2000-10-27','Busan','Daegu','South Korea','FFemale','Single',1.52,50,'09090911324','AB-','764357','8745892','123R5YG','HJR320450',902532,'Korean','12 Sangni-ro 18(sippal)beon-gil',NULL,NULL,'','','','','',NULL,NULL,NULL,'','','','','',NULL,'',NULL,0,0,NULL,0,0,NULL,'',NULL,0,NULL,0,0,NULL,0,0,NULL,0,NULL,0,NULL,0,NULL),(90444,'Cyver Kate','N/A','Mahinay','N/A','1989-09-11','Puerto Princesa','Palawan','Philippines','Female','Single',1.65,55,'09094711461','O','GSIS2222','SSS58720','PHIL8712','TIN546',90444,'Filipino','219 Abadsantos Ext.','Abadsantos Street','Village Damayan','Barangay Milagrosa','Cebu City','Cebu','Metro Manila','1633','101 Miras Blvd.','Sarsa Boulevard','Village Mest','Barangay Sanpandro','Davao City','Davao City','Metro Manila','1200','02-9556543','09235555890','cyver@email.com',0,0,'N/A',0,0,'N/A','0','N/A',0,'N/A',0,0,'N/A',0,0,'N/A',0,'N/A',0,'N/A',0,'N/A'),(134811,'Anniza','Acot-Acot','Hachero','N/A','2000-03-06','Busuanga','palawan','Philippines','Female','Single',1.6,50,'09674523876','AB+','N/A','N/A','N/A','N/A',134811,'Filipino','Brgy. San Jose','Purok Masunurin','N/A','Brgy. San Jose','Puerto princesa city','N/A','Palawan','5300','Brgy. San Jose','Atis Rd.','N/A','Brgy. San Jose','Puerto Princesa City','N/A','Palawan','5300','N/A','09786534278','izah@gmail.com',0,0,'N/A',0,0,'N/A','0','N/A',0,'N/A',0,0,'N/A',0,0,'N/A',0,'N/A',0,'N/A',0,'N/A'),(200021,'Harry Ericson','Alaras','Cabrera','NOT A','2002-05-25','Binan city','Laguna','Philippines','Male','Single',1.76,64,'09262028002','A','NOT APPLICABLE','NOT APPLICABLE','NOT APPLICABLE','NOT APPLICABLE',2021,'Filipino','Brgy. Tiniguiban','Mayo st.','NOT APPLICABLE','Brgy. Tiniguiban','Puerto Princesa City','NOT APPLICABLE','Palawan','5300','zone 4','zone 4.1','zone 4.2','Brgy. San Pedro','Binan City','NOT APPLICABLE','Laguna','4300','048-1234','09262028002','harry@gmail.com',0,0,'NOT APPLICABLE',0,0,'NOT APPLICABLE','0','NOT APPLICABLE',0,'NOT APPLICABLE',0,0,'NOT APPLICABLE',0,0,'NOT APPLICABLE',0,'NOT APPLICABLE',0,'NOT APPLICABLE',0,'NOT APPLICABLE'),(202080,'Milky Mae','Mahinay','Galicia','N/A','2001-12-22','Puerto Princesa City','Palawan','Philippines','Female','Single',1.5,55,'09500866237','A+','N/A','N/A','N/A','N/A',10101,'Australian','Brgy. Tiniguiban','San Francisco 2','Palumco','Brgy. Tiniguiban','Puerto Princesa City','Puerto Princesa City','Palawan','5300','Libungan','Mandato St.','Camella Vil.','Tiniguiban','Puerto Princesa City','Puerto Princesa City','Palawan','5300','515-2355','09500866237','milkygalicia@gmail.com',0,0,'N/A',0,0,'N/A','0','N/A',0,'N/A',0,0,'N/A',0,0,'N/A',0,'N/A',0,'N/A',0,'N/A'),(202081,'Maui Azryl','Morillo','Lomuntad','N/A','2002-08-25','Puerto Princesa City','Palawan','Philippines','Male','Single',1.7,70,'09999999999','O','N/A','N/A','N/A','N/A',202180190,'Indian','Brgy. Tiniguiban','Masinop','N/A','Brgy. Tiniguiban','Puerto Princesa City','N/A','Palawan','5300','Brgy. Tiniguiban','Masinop','N/A','Brgy. Tiniguiban','Puerto Princesa City','Puerto Princesa','Palawan','5300','555-5555','09000000000','mygmail@gmail.com',0,0,'N/A',0,0,'N/A','0','N/A',0,'N/A',0,0,'N/A',0,0,'N/A',0,'N/A',0,'N/A',0,'N/A'),(204375,'Dyla Kris Vanneth ','Mesina','Bondesto','N/A','1999-08-15','Davao','Davao Occidental','Philippines','Female','Single',1.6,69,'09733654122','O-','N/A','N/A','N/A','N/A',204375,'Filipino','Bakawan86','Mangrove St.','Coast Vill.','Brgy.Dimatagpo','Diwata City','Diwata','Palawanan','8001','Bakawan86.2','Mangrove St.','Coast Vill.','Brgy.Dimatagpo','Diwata City','Diwata','Palawanan','8001','N/A','09733654122','tamilok@gmail.com',0,0,'N/A',0,0,'N/A','0','N/A',0,'N/A',0,0,'N/A',0,0,'N/A',0,'N/A',0,'N/A',0,'N/A'),(246810,'Samantha Anne ','Perez','Quizon','N/A','2001-09-20','Dasmariñas City','Palawan','Philippines','Female','Single',1.65,50,'09301843629','O','N/A','N/A','N/A','N/A',246810,'Filipino','Brgy. San Miguel','Rizal Ave. Extn.','N/A','Brgy. San Miguel','Puerto Princesa City','N/A','Palawan','5300','Brgy. San Miguel','Rizal Ave. Extn.','N/A','Brgy. San Miguel','Puerto Princesa City','N/A','Palawan','5300','N/A','09301843629','secret000@gmail.com',0,0,'N/A',0,0,'N/A','NO','N/A',0,'N/A',0,0,'N/A',0,0,'N/A',0,'N/A',0,'N/A',0,'N/A'),(999212,'Meah','Dape','Fabrigas','N/A','2003-09-12','El Nido ','Palawan','Philippines ','Female','Single',1.5,52,'09373154724','AB','NOT APPLICABLE','NOT APPLICABLE','NOT APPLICABLE','53618360',9991,'Filipino','Hauser House','Baker Street','NOT APPLICABLE','Brgy. Sandiwa','Puerto Princesa City','Tuscow','Palawan','5300','Poblacion, El Nido Palawan','Novitas Street','NOT APPLICABLE','Poblacion','El Nido','El Nido','Palawan','5301','442-1234','09453277891','meah@gmail.com',0,0,'NOT APPLICABLE',0,0,'0','0','NOT APPLICABLE',0,'NOT APPLICABLE',0,0,'NOT APPLICABLE',0,0,'NOT APPLICABLE',0,'NOT APPLICABLE',0,'NOT APPLICABLE',0,'NOT APPLICABLE'),(1170131,'Jeffer','Inocente','Molato','N/A','2002-04-30','Quezon City','Manila','Philippines','Male','Single',1.68,52,'092912142807','AB','N/A','N/A','N/A','N/A',1170013,'Filipino','Bgy. Taguro','Nagano Prefecture','N/A','Bgy. Taguro','Puerto Princesa City','Puerto Princesa City','Palawan','5300','42 Tempura Lane','Soupville','N/A','Bgy. Taguro','Puerto Princesa City','Puerto Princesa','Palawan','5300','444-12140700','0929171121420','jjf@gmail.com',0,0,NULL,0,0,NULL,'',NULL,0,NULL,0,0,NULL,0,0,NULL,0,NULL,0,NULL,0,NULL),(9082122,'Michael Joshua','Damasco','Calan','N/A','2002-02-06','Puerto Princesa','Palawan','Philippines','Male','Single',1.6,65,'09092121033','O','N/A','N/A','N/A','N/A',9082122,'Filipino','Seaplane','Uno','Bayaby','Barangay Lumang Pag-asa','Puerto Princesa City','PPC','Palawan','5300','J.P Rizal BLVD','J.P Rizal BLVD','Santa Rosa Village 1','Balibago','City of Santa Rosa Laguna','Laguna','Laguna','4026','0487167642','09090808099','donq@gmail.com',0,0,'N/A',0,0,'N/A','0','N/A',0,'N/A',0,0,'N/A',0,0,'N/A',0,'N/A',0,'N/A',0,'N/A'),(201880036,'Reymart','Flores','Azucena','N/A','1999-07-03','Roxas','Palawan','Philippines','Male','Single',1.67,51,'09081385252','AB','N/A','N/A','N/A','N/A',19992023,'Filipino','Tiniguiban','Busan','N/A','Sta Monica','Puerto Pricesa City','Jiju island','Palawan','5308','N/A','N/A','Sou','South Korea','North Korea','Seoul','Palawan','2300','777-777','09123456789','martzy@yahoo.com',0,0,'N/A',0,0,'0','0','N/A',0,'N/A',0,0,'N/A',0,0,'N/A',0,'N/A',0,'N/A',0,'N/A'),(201880066,'German','Rodriguez','Cinco','N/A','1999-04-23','Bahili','Palawan','Philippines','Male','Single',1.5,49,'094545454545','O','N/A','N/A','N/A','N/A',23412345,'Hungarian','West Blue','Wano','N/A','Cake Island','Water 7','Logue Town','Alabasta','5050','N/A','N/A','N/A','N/A','Fish IslanD','Onigashima','Grandline','2090','N/A','090969143143','germandagoat@gmail.com',0,0,'N/A',0,0,'0','0','N/A',0,'N/A',0,0,'N/A',0,0,'N/A',0,'N/A',0,'N/A',0,'N/A'),(201980339,'Yusuf Xander','Badidil','Ortega','N/A','2000-08-02','PPC','','Philippines','male','Single',1.63,51,'0909090909','A','n/a','n/a','n/a','n/a',483066,'Filipino','123 street','2nd village','barangay san manuel','ppc','aborlan','palawan','00th street','5300','n/a','tiniguiban','PPC','tiniguiban','ppc','ppc','palawan','5305','n/a','0909555774','@mail.com',0,0,'0',0,0,'0','0','n/a',0,'n/a',0,0,'n/a',0,0,'n/a',0,'n/a',0,'n/a',0,'n/a'),(201980356,'Austin Clyde ','Palermo','Sibugan','N/A','2000-10-22','Manila City','Manila','Philippines','Male','Single',1.62,67,'09303336097','A','N/A','N/A','N/A','N/A',201980356,'Filipino','Tanglaw','Fernandez Street','N/A','Tanglaw','Puerto Princesa City','Puerto Princesa','Palawan','5300','N/A','N/A','N/A','Magara','Roxas','Roxas','Palawan','5308','N/A','09303336097','acemclaren04@gmail.com',0,0,'N/A',0,0,'0','0','N/A',0,'N/A',0,0,'N/A',0,0,'N/A',0,'N/A',0,'N/A',0,'N/A'),(202080016,'Norkizah','Monib','Baute','N/A','2000-08-29','Seoul','South Korea','Korea','Female','Single',1.4,60,'1234567890','N/a','N/A','N/A','N/A','N/A',202080016,'Korean','Seoul korea','Myeongdong','N/A','N/A','Korea','N/A','N/A',' 30174 ','N/A','N/A','N/a','N/A','Myeongdong','Seoul','South Korea','N/A','N/a','1234567890','Baute@gmail.com',0,0,'N/A',0,0,'0','0','N/A',0,'N/A',0,0,'n/a',0,0,'N/A',0,'N/A',0,'N/A',0,'N/A'),(202080027,'Reodel','Suarez ','Calilung','N/A','2000-10-04','Puerto Princesa City','Palawan','Philippines','Male','Single',1.5,0,'0908545645','O','gis84','sss54','09-669642659','95956',200010,'Filipino','Matahimik (Pob)','N/A','N/A','Matahimik (Pob)','Puerto Princesa City','Puerto Princesa','Palawan','5300','N/A','N/A','N/A','Matahimik (Pob)','Palawan','Puerto Princesa City','Palawan','5300','N/A','09055115','dodoy@gmail.com',0,0,'NOT APPLICABLE',0,0,'NOT APPLICABLE','0','NOT APPLICABLE',0,'NOT APPLICABLE',0,0,'NOT APPLICABLE',0,0,'NOT APPLICABLE',0,'NOT APPLICABLE',0,'NOT APPLICABLE',0,'NOT APPLICABLE'),(202080035,'Ian Gabriel','Fetalver','Dalimocon','N/A','2001-12-03','Coron','Palawan','Philippines','Male','Single',1.65,50,'09278686123','B+','N/A','N/A','09-252074785-2','N/A',3,'Filipino','N/A','N/A','N/A','N/A','Cavite','N/A','Palawan','5300','N/A','N/A','N/A','N/A','Cavite','N/A','N/A','N/A','N/A','N/A','Fetalverian03@gmail.com',0,0,'N/A',0,0,'0','0','N/A',0,'N/A',0,0,'N/A',0,0,'N/A',0,'N/A',0,'N/A',0,'N/A'),(202080044,'Justine Luis','Diola','Elorde','N/A','2002-07-16','Puerto Princes City','Palawan','Philippines','Male','Single',1.7,62,'09126278234','O','N/A','N/A','N/A','N/A',202080044,'Filipino','Bgy. Tagburos','N/A','Purok Silangan','Brgy. Tagburos','Puerto Princesa','N/A','Palawan','5300','Brgy. Tagburos','N/A','Purok Silangan','Brgy. Tagburos','Puerto Princesa City','N/A','Palawan','5300','N/A','09126278234','justineluiselorde@gmail.com',0,0,'N/A',0,0,'N/A','0','N/A',0,'N/A',0,0,'N/A',0,0,'N/A',0,'N/A',0,'N/A',0,'N/A'),(202080061,'Queanna Brittany','Salamatin','Ibrahim','N/A','2001-01-06','Puerto Princesa City','Palawan','Philippines','Female','Single',1.65,49,'092021061213','O','N/A','N/A','N/A','N/A',2012,'Soudi Arabians','San Miguel','Dee St.','Westwood','Brgy. San Pedro','Puerto Princesa City','Coron','Palawan','5300','Puerto Princesa City','Michelle St.','MMD Village','Brgy. San Manuel','Puerto Princesa City','El Nido','Palawan','5300','1212-4163','09061242021','kia@gmail.com',0,0,'N/A',0,0,'0','0','N/A',0,'N/A',0,0,'N/A',0,0,'N/A',0,'N/A',0,'N/A',0,'N/A'),(202080093,'kyla mae  ','gabayan ','pagkaliwangan','n/a','2000-12-05','ppc','palawan','philippines','female','single',1.54,0,'09801215565','B','N/A','N/A','N/A','N/A',1952,'england','usa','usa','usa','usa','usa','us','us','5154','us','us','us','la','la','la','la','5476','489-748','09874881807','hela@gmail.com',0,0,'n/a',0,0,'n/a','','n/a',0,'n/a',0,0,'n/a',0,0,'n/a',0,'n/a',0,'n/a',0,'n/a'),(202080095,'Mikhaela','Diaz','Pastor','N/A','2000-05-02','Calategas','Palawan','Philippines','Female','Single',1.5,53,'09120456898','O+','N/A','N/A','N/A','N/A',6666666,'Filipino','Sa Puso ni MAHAL','huhuhu','N/A','Brgy. Venus','Milky Way','Star','Palawan','5300','Calategas','Lumingo sa Paruruonan','N/A','Calategas','Rice Granary','Narra','Palawan','5303','N/A','09051449817','mikhaelapastor06@gmail.com',0,0,'N/A',0,0,'0','0','N/A',0,'N/A',0,0,'N/A',0,0,'N/A',0,'N/A',0,'N/A',0,'N/A'),(202080135,'Carl Vincent','Nacasi','Alabastro','N/A','2001-12-21','Puerto Princesa City','Palawan','Philippines','Male','Single',1.7,68,'09394324589','N/A','N/A','N/A','N/A','54321',202080135,'Filipino','N/A','Kaimito West Road','N/A','Brgy. San Jose','Puerto Princesa City','N/A','Palawan','5300','Brgy. San Jose','Kaimito West Road','N/A','Brgy. San Jose','Puerto Princesa City','N/A','Palawan','5300','N/A','09394324589','misteryoso@gmail.com',0,0,'N/A',0,0,'N/A','0','N/A',0,'N/A',0,0,'N/A',0,0,'N/A',0,'N/A',0,'N/A',0,'N/A'),(202080160,'Jan Ivn Anthony','Donaire','Conde','N/A','2002-01-13','Puerto Princesa City','Palawan','Japan','Male','Single',1.5,33,'09091510477','B+','N/A','N/A','N/A','N/A',202080160,'Japanese','Nogaya','Atsuta Jingu Temma-cho Station‎','N/A','2-chome Takabata','Nagoya City','N/A','Japan','450-0001','Aichi Prefecture２６７','N/A','N/A','Nakagawa-ku','Nagoya','N/A','Japan','450-0001','870001','09091415335','x.aeeo@gmail.cpm',0,0,'N/A',0,0,'0','0','N/A',0,'N/A',0,0,'N/A',0,0,'N/A',0,'N/A',0,'N/A',0,'N/A'),(202080171,'Joni Caryl','Mayo','Diaz','NA','2001-12-03','Sampaloc','Metro Manila','Philippines','Female','Single',1,50,'09454476799','NA','NA','NA','NA','NA',202080171,'Filipino','Kajinocho','Koganei','NA','Koganei','Koganei','Koganei','Kajinocho','184-002','Tokyo Prefectural HS','Harajuku','Tokyo Prefectural HS','B6 Pali','Coron','Coron','Palawan','5316','NA','09454476799','djonicaryl@gmail.com',0,0,'NA',0,0,'NA','NA','NA',0,'NA',0,0,'NA',0,0,'NA',0,'NA',0,'NA',0,'NA'),(202080457,'Apple Ace','Eduardo','Acepcion','N/A','2002-01-30','Puerto Princesa','Palawan','Philippines','Male','Single',1.68,52,'09922778326','O','N/A','N/A','N/A','N/A',202080457,'Filipino','Brgy. Tiniguiban','National highway','Centro','Tiniguiban','Puerto Princesa City','N/A','Palawan','5300','N/A','N/A','N/A','Tiniguiban','Puerto Princesa City','N/A','Palawan','5300','09616015294','09922778326','ryuuji@gmail.com',0,0,'N/A',0,0,'N/A','0','N/A',0,'N/A',0,0,'N/A',0,0,'N/A',0,'N/A',0,'N/A',0,'N/A'),(202080463,'Charls Brent','dela Cruz','Cayabyab','N/A','2000-12-27','Puerto Princesa','Palawan','Philippines','Male','Single',1.75,75,'0923868686','','gsis234546','ssid435465','phlt4355567','tin56666',202080463,'Russian','Brgy Sta Monica','N/A','Magalang','Sta.Monica','Puerto Princesa City','N/A','Palawan','5300','Brgy Sta Monica PPC','N/A','Magalang','Sta Monica','Puerto Princesa City','N/A','Palawan','5300','986665445','0976655544','CharlsBrent2027@gmail.com',0,0,'N/A',0,0,'N/A','0','N/A',0,'N/A',0,0,'N/A',0,0,'N/A',0,'N/A',0,'N/A',0,'N/A'),(202080473,'Kate Andrea','Palay','Katon','N/A','2002-08-11','Puerto Princesa','Palawan','Philippines','Female','single',1.6,50,'092673757290','AB','N/A','N/A','N/A','N/A',7638,'Filipino','Brg.San Jose','Atis Road','Alaska','Brg.San Jose','Puerto Princesa City','N/A','Palawan','5300','N/A','N/A','N/A','Makati','Manila','N/A','Palawan','5300','N/A','09652917902','kate@gmail.com',0,0,'N/A',0,0,'N/A','0','N/A',0,'N/A',0,0,'N/A',0,0,'N/A',0,'N/A',0,'N/A',0,'N/A'),(202080476,'Aubrey karylle','Neri','Mamaril','N/A','2002-04-01','Gangnam City','Seoul','South Korea','Female','Single',1.53,45,'09602684096','0+','N/A','N/A','N/A','N/A',25751,'Filipino','Sta.Monica','Alisangco ','N/A','Sta.Monica','Puerto Princesa City','Puerto Princesa','Palawan','5300','Cuyo','Tema','N/Aaa','Suba','Puerto Princesa City','Cuyo','Palawan','5300','N/A','09602684096','axxxbrey@gmail.com',0,0,'N/A',0,0,'N/A','0','N/A',0,'N/A',0,0,'N/A',0,0,'N/A',0,'0',0,'N/A',0,'0'),(202080491,'Obrien Troy','Magalsoo','Dangan','N/A','2002-05-28','Quezon','Palawan','Philippines','Male','Single',1.63,57,'090909143143','O','N/A','N/A','N/A','N/A',528,'Filipino','Brgy.Sicsican','kalsada St','N/A','Brgy.Sicsican','Puerto Princesa City','Kalayaan','Palawan','5321','Kalayaan, Palawan','Kalsada St.','N/A','Brgy.Sicsican','Puerto Princesa City','Kalayaan','Palawan','5321','N/A','09090914314','pangitkayu@yahoo.com',0,0,'N/A',0,0,'0','0','0',0,'N/A',0,0,'N/A',0,0,'N/A',0,'N/A',0,'N/A',0,'N/A'),(202080497,'Gideon','Torres','Magno','N/A','1901-09-18','Baguio City','Benguet','Philippines','Male','Single',1.66,87,'09999999991','AB','N/A','N/A','N/A','N/A',119,'Filipino','Purok 3','National Highway','N/A','Irisan','Baguio City','N/A','Benguet','2600','N/A','N/A','Employees Village','Sta. Monica','Puerto Princesa City','N/A','Palawan','5300','434-9026','09999999991','emailnigids@hotmaill.com',0,0,'N/A',0,0,'0','0','N/A',0,'N/A',0,0,'N/A',0,0,'N/A',0,'N/A',0,'N/A',0,'N/A'),(202143145,'Drexzel ','Cayao','Lambon','N/A','0000-00-00','Roxas','Palawan','Philippines ','Male','Single',1.6,65,'09947345206','B+','N/A','N/A','N/A','N/A',202143145,'Filipino','Bangkao-Bangkao','Maligaya ','N/A','Bangkao-Bangkao','Puerto Princesa City ','Puerto Princesa City ','Palawan ','5300','N/A','N/A','N/A','Bangcao-Bangcao','Puerto Princesa City','Puerto Princesa City','Palawan','5300','N/A','09947345206','drexzelpaull@gmail.com',0,0,'N/A',0,0,'0','0','N/A',0,'N/A',0,0,'N/A',0,0,'N/A',0,'N/A',0,'N/A',0,'N/A'),(202180012,'Arvin Clark','Tumpag','Lota','N/A','2002-05-08','Puerto Princesa City','Palawan','Philippines','Male','Single',1.62,70,'09215684406','N/A','N/A','N/A','N/A','N/A',200208,'Filipino','Block 4','Edinburgh','Gifford','Stockbridge','City of Edinburgh','N/A','UK','1234','23','Elm Street','Meadowbrook Village','Sunflower Barangay','Trinity','Willow Creek Municipality','Oakridge Province','1234','1234-4321','09123456789','202180012@psu.palawan.edu.ph',0,0,'N/A',0,0,'N/A','N/A','N/A',0,'N/A',0,0,'N/A',0,0,'N/A',0,'N/A',0,'N/A',0,'N/A'),(202180030,'Johnzyll','Abadiano','Jimeno','N/A','2002-12-02','Puerto Princesa City','Palawan','Philippines','Male','Single',1.79,60,'09945415270','A','N/A','N/A','N/A','N/A',202180030,'Filipino','San Jose','Santol Street','N/A','San Jose','Puerto Princesa City','Puerto Princesa','Palawan','5300','San Jose','Santol Street','N/A','San Jose','PPC','PPC','Palawan','5300','N/A','N/A','jimenojohnzyll@gmail.com',0,0,'N/A',0,0,'0','0','N/A',0,'N/A',0,0,'N/A',0,0,'N/A',0,'N/A',0,'N/A',0,'N/A'),(202180032,'Jemeric','N/A','VAlmoria','N/A','2002-08-31','Batman','Batman','Turkey.','Male','Widow',1.53,56,'+0909090','AB','N/A','N/A','N/A','N/A',90909,'turkish','BATMAN ATATÜRK PARKI',' Turgut Özal Blv., 72070 Merkez','N/A','TURTUR','BATMAN','Batman Merkez','BATMAN','72070','N/A','N/A','N/A','N/A','N/A','N/A','N/A','72070','N/A','N/A','TURKEY@GMAIL.COM',0,0,'N/A',0,0,'0','0','N/A',0,'N/A',0,0,'N/A',0,0,'N/A',0,'N/A',0,'N/A',0,'N/A'),(202180036,'John Carl','Aurelio','Reyes','N/A','2002-10-22','Puerto Princesa City','Palawan','Philippines','Male','Single',1.75,70,'09187972331','Z','NOT APPLICABLE','NOT APPLICABLE','NOT APPLICABLE','NOT APPLICABLE',8008135,'Martian','Valledor 2','Kings Canyon','NOT APPLICABLE','San Mig Light Apple','Puerto Princesa City','Palawan','Palawan','5300','NOT APPLICABLE','NOT APPLICABLE','NOT APPLICABLE','San Mig Light Apple','Palawan','Bataraza','Palawan','5300','8-7000','346723453456','asdf@hotmail.com',0,0,'NOT APPLICABLE',0,0,'0','0','NOT APPLICABLE',0,'NOT APPLICABLE',0,0,'NOT APPLICABLE',0,0,'NOT APPLICABLE',0,'NOT APPLICABLE',0,'NOT APPLICABLE',0,'NOT APPLICABLE'),(202180157,'john philip','bermudez','beltran','N/A','2002-12-04','Manila','Manila','Philipines','Male','Single',1.76,60,'09922109329','AB','N/A','N/A','N/A','N/A',78123,'Filipino','Sta.Lourdes','Land of wano','N/A','Brgy. Sta. Lourdes','Puerto Princesa City','Puerto Princesa','Palawan','5300','N/A','N/A','N/A','Sta. Lourdes','Palawan','Puerto Princesa City','Palwan','5300','9999-123','09922109329','kabo@gmail.com',0,0,'N/A',0,0,'0','0','N/A',0,'N/A',0,0,'N/A',0,0,'N/A',0,'N/A',0,'N/A',0,'N/A'),(202180158,'Mart','Edrian','Bernardo','N/A','2002-03-05','Puerto Princesa','Palawan','Philippines','Male','Single',1.85,70,'09123487645','N/A','N/A','N/A','N/A','N/A',202180158,'Filipino','Brgy.Milagrosa','Lagan St','N/A','Brgy.Milagrosa','Puerto Princesa City','Palawan','Palawan','5302','Aborlan','Lagan St.','N/A','Brgy.SanJuan','Puerto Princesa City','Aborlan','Palawan','5302','N/A','09876542345','king@gmail.com',0,0,'N/A',0,0,'N/A','0','N/A',0,'N/A',0,0,'N/A',0,0,'N/A',0,'N/A',0,'N/A',0,'N/A'),(202180186,'Danielle Grace','Diongzon','Dignadice','N/A','2002-00-00','Puerto Princesa City','Palawan','Philippines','Female','Single',1,65,'09999999999','AB+','N/A','N/A','N/A','N/A',202180186,'Filpino','Tiniguiban','Tiniguiban Street','Tiniguiban Heights','Brgy. Tiniguiban','Puerto Princesa City','N/A','Palawan','5300','N/A','Boulevard Street','Cottonwoods Heights','Brgy. Mabini','Antipolo','N/A','Rizal','6000','N/A','09999999999','dani.elle.grace@gmail.com',0,0,'N/A',0,0,'0','0','N/A',0,'N/A',0,0,'N/A',0,0,'N/A',0,'N/A',0,'N//A',0,'N/A'),(202180206,'Cy Allene','Origenes','Paalan','N/A','2002-11-12','Chicago','Fernwood','USA','Female','Single',1.62,45,'+1 312-494-9321','0','N/A','N/A','N/A','N/A',1238765,'American','567 Elmwood Lane','1234 Main Street','Oak Park','IL','Chicago','Lincoln Park','Illinois',' 60302','567 Elmwood Lane','1234 Main Street','Oak Park','IL','Chicago','Lincoln Park','Illinois',' 60302','(312) 555-1234','+1 312-494-9321','paalancy@gmail.com',0,0,'N/A',0,0,'N/A','0','N/A',0,'N/A',0,0,'N/A',0,0,'N/A',0,'N/A',0,'N/A',0,'N/A'),(202180208,'Don Angel Lou','Manzano','Salvatierra','N/A','2002-08-30','Tacloban City','Leyte','Philippines','Male','Single',1.7,90,'09083727053','B+','N/A','N/A','N/A','N/A',202180208,'Filipino','Bgy. Mangahan','Rizal Avenue','N/A','Bgy. Mangahan','Puerto Princesa City','N/A','Palawan','5300','N/A','N/A','N/A','N/A','N/A','N/A','N/A','N/A','N/A','N/A','louiesalvatierra16@gmail.com',0,0,'N/A',0,0,'0','0','N/A',0,'N/A',0,0,'N/A',0,0,'N/A',0,'N/A',0,'N/A',0,'N/A'),(202180210,'Princess Aira','Ahmad','Suranol','N/A','2002-02-02','Brooke\'s Point','Palawan','Philippines','Female','Single',1.62,60,'09925999454','A+','NOT APPLICABLE','NOT APPLICABLE','NOT APPLICABLE','NOT APPLICABLE',20202111,'Filipino','San Pedro','Westwood','NOT APPLICABLE','San Pedro','Puerto Princesa City','Puerto Princesa City','Palawan','5300','Brgy. San Pedro','Westwood','NOT APPLICABLE','Brgy. San Pedro','Puerto Princesa City','Puerto Princesa City','Palawan','5300','222-4422','09925999454','airasuuu@gmail.com',0,0,'NOT APPLICABLE',0,0,'0','0','NOT APPLICABLE',0,'NOT APPLICABLE',0,0,'NOT APPLICABLE',0,0,'NOT APPLICABLE',0,'NOT APPLICABLE',0,'NOT APPLICABLE',0,'NOT APPLICABLE'),(202180249,'Melodie','Lacson','Gardose','N/A','2003-06-10','Paris','Ile-de-Paris','France','Female','Single',1.55,46,'09682163969','B','NOT APPLICABLE','NOT APPLICABLE','NOT APPLICABLE','NOT APPLICABLE',100603,'French','Rue des Rosier','Boulevard Haussman','Montmarte','Rue Mouffetaerd','Paris','Paris','Ile-de-Paris','70123','Rue des Rosier, Pariz, France','Boulevard Haussman','Montmarte','Rue des Rosier','Paris','Paris','Ile-de-Paris','70123','999-127-010','09675325421','g_me10dieees@.com',0,0,'NOT APPLICABLE',0,0,'0','0','NOT APPLICABLE',0,'NOT APPLICABLE',0,0,'NOT APPLICABLE',0,0,'NOT APPLICABLE',0,'NOT APPLICABLE',0,'NOT APPLICAABLE',0,'NOT APPLICABLE'),(202180264,'John Dexter','Embile','Sangalang','N/A','0000-00-00','Puerto Princesa City','Palawan','Philippines','M','Single',1.7,59,'N/A','N/A','N/A','N/A','N/A','N/A',0,'',NULL,'N/A','N/A','N/A','N/A','N/A','N/A','N/A','N/A','N/A','N/A','N/A','N/A','N/A','N/A','N/A','N/A','N/A','N/A',0,0,'N/A',0,0,'N/A','N/A','N/A',0,'N/A',0,0,'N/A',0,0,'N/A',0,'N/A',0,'N/A',0,'N/A'),(202180343,'Cristy','Villan','Tubo','N/A','1996-03-10','Puerto ptincesa','Palawan','Philippines','Femalel','Single',1.55,55,'09060083991','AB','NOT APPLICABLE','NOT APPLICABLE','09-0254556493-6','NOT APPLICABLE',2147483647,'Filipino','San Manuel','N/A','N/A','San Manuel','Puerto Princesa City','Puerto Princesa City','Palawan','5300','San Manuel','N/A','N/A','San Manuel','Puerto Princesa City','Puerto Princesa City','palawan','5300','08233455','09556458211','tubo@gmail.com',0,0,'N/A',0,0,'0','0','N/A',0,'N/A',0,0,'N/A',0,0,'N/A',0,'N/A',0,'N/A',0,'N/A'),(202180362,'Carlota ','Calagos','Prado','N/A','2003-05-03','Corso San Francesco','Rome','Italy','Female','Single',1.56,50,'09777417388','A','N/A','N/A','N/A','N/A',202180362,'Italian','Via della Rosa','Villaggio Fiorito','Citta Splendente','Brg. Verdeggiante','Giovanni Rosi','Serena','Tranquilla','1234','Marco Rossi','Via del Sole','Borgo Primavera','Verdeazzurro','Roma','Comune Sereno','Tranquilla','00123','123-456-789','09777417388','pradocarlota166@gmail.com',0,0,'N/A',0,0,'0','0','N/A',0,'N/A',0,0,'N/A',0,0,'N/A',0,'N/A',0,'N/A',0,'N/A'),(202180383,'Jason Maverick','Diokno','Serencio','N/A','2002-05-23','Puerto Princesa City','Palawan','Philippines','Male','Single',1.6,60,'09123456789','O','NOT APPLICABLE','NOT APPLICABLE','NOT APPLICABLE','NOT APPLICABLE',202180383,'Martian','NOT APPLICABLE','Street Fighter','NOT APPLICABLE','Brgy. Jupiter','Los Angeles','NOT APPLICABLE','Palawan','5300','NOT APPLICABLE','Street Fighter','NOT APPLICABLE','Brgy. Jupiter','Los Angeles','NOT APPLICABLE','Palawan','NOT APPLICABLE','333-4444','0912345678','mabegwapo@yahoo.com',0,0,'NOT APPLICABLE',0,0,'0','0','NOT APPLICABLE',0,'NOT APPLICABLE',0,0,'NOT APPLICABLE',0,0,'NOT APPLICABLE',0,'NOT APPLICABLE',0,'NOT APPLICABLE',0,'NOT APPLICABLE'),(202180384,'Kier Wilson','Mangahas','Familaran','N/A','2002-01-17','San Jose','Palawan','Philippines','Male','Single',1.7,65,'09090909090','AB','NOT APPLICABLE','NOT APPLICABLE','NOT APPLICABLE','NOT APPLICABLE',911,'Saudi Arabian','NOT APPLICABLE','Beverlly Hills St','NOT APPLICABLE','Brgy. Namek','Moscow','NOT APPLICABLE','Palawan','5911','NOT APPLICABLE','Beverlly Hills','NOT APPLICABLE ','Brgy. Namek','Moscow','NOT APPLICABLE','Palawan','5911','343-911','0911911911','sept11@gmail.com',0,0,'NOT APPLICABLE',0,0,'0','0','NOT APPLICABLE',0,'NOT APPLICABLE',0,0,'NOT APPLICABLE',0,0,'NOT APPLICABLE',0,'NOT APPLICABLE',0,'NOT APPLICABLE',0,'NOT APPLICABLE'),(2020100612,'Noe','Dumip-ig','Dela Concepcion','N/A','2002-04-04','Puerto Princesa City','Palawan','Philippines','Male','Single',1.65,50,'09234345321','AB','N/A','N/A','N/A','N/A',98734,'Filipino','Brg. San Jose','Mabini','N/A','Brg. San Jose','CEBU','N/A','Palawan','5300','N/A','N/A','N/A','Brg. Sta Monica','Cebu','N/A','Palawan','5300','444-0003','09233423301','malam@gmail.com',0,0,'N/A',0,0,'0','0','N/A',0,'N/A',0,0,'N/A',0,0,'N/A',0,'N/A',0,'N/A',0,'N/A'),(2020801456,'Franz Lorrenz','Miraflores','Badenas','N/A','2001-07-16','Puerto Princesa City','Palawan','Philippines','Male','Single',1.68,69,'09923682251','O','N/A','N/A','N/A','N/A',102423,'Filipino','San Jose','Chaolongan','N/A','San Jose','Puerto Princesa City','Puerto Princesa','Palawan','5300','N/A','N/A','N/A','San Jose','Puerto Princesa City','Puerto Princesa City','Palawan','5300','N/A','09923682241','renz@gmail.com',0,0,NULL,0,0,NULL,'',NULL,0,NULL,0,0,NULL,0,0,NULL,0,NULL,0,NULL,0,NULL),(2020801710,'Joni Caryl','Mayo','Diaz','N/A','2001-03-12','Sampaloc ','Manila','Philippines','Female','Single',1.49,50,'09454476799','N/A','N/A','N/A','N/A','N/A',202080171,'Filipino','Tiniguiban','Kanojo','N/A','Tiniguiban','Puerto Princesa City','Puerto Princesa','Palawan','5300','N/A','N/A','N/A','B6 Pali','Coron','Coron','Palawan','5300','N/A','09454476799','djonicaryl@gmail.com',0,0,'N/A',0,0,'0','0','N/A',0,'0',0,0,'0',0,0,'0',0,'N/A',0,'N/A',0,'N/A'),(2021100007,'Al-nizar','Sabuddin','Wahab','N/A','2002-05-19','Sofronio Espanola','Palawan','Pjilippines','Male','Single',1.68,50,'093453453453','O+','N/A','N/A','N/A','N/A',4564563,'Filipino','Sta Monica','Jujutsu HIgh','N/A','Sta Monica','Puerto Princesa City','Sukuna','Palawan','5324','N/A','N/A','N/A','Sta Monica','Tarlac','Sofronio Espanola','Palawan','5300','N/A','0934r83245238','zhar@gmail.com',0,0,'N/A',0,0,'0','0','N/A',0,'N/A',0,0,'N/A',0,0,'N/A',0,'N/A',0,'N/A',0,'N/A'),(2147483647,'Marvin','Dela Torre','Esmeralda','N/A','1998-09-22','Roxas','Palawan','Philippines','Male','Single',1.64,53,'09701600387','O','N/A','N/A','N/A','N/A',2732327,'Filipino','Tiniguiban','backStreet','N/A','Tiniguiban','Puerto princessa city','Puerto princesa','Palawan','5300','N/A','N/A','N/A','Abaroan','Roxas','Roxas','Palawan','5308','N/A','09701600387','marvs@gmail.com',0,0,'N/A',0,0,'0','0','N/A',0,'N/A',0,0,'N/A',0,0,'N/A',0,'N/A',0,'N/A',0,'N/A');
/*!40000 ALTER TABLE `employees` ENABLE KEYS */;
UNLOCK TABLES;

--
-- Table structure for table `employees_education`
--

DROP TABLE IF EXISTS `employees_education`;
/*!40101 SET @saved_cs_client     = @@character_set_client */;
/*!50503 SET character_set_client = utf8mb4 */;
CREATE TABLE `employees_education` (
  `institutions_idinstitutions` int NOT NULL,
  `employees_idemployees` int NOT NULL,
  `Education_degree` varchar(45) NOT NULL,
  `start_period` date NOT NULL,
  `end_period` date NOT NULL,
  `units_earned` int NOT NULL,
  `year_graduated` date NOT NULL,
  `scholarships` varchar(100) NOT NULL,
  `acad_honors` varchar(100) NOT NULL,
  PRIMARY KEY (`institutions_idinstitutions`,`employees_idemployees`),
  KEY `fk_institutions_has_employees_employees1_idx` (`employees_idemployees`),
  KEY `fk_institutions_has_employees_institutions1_idx` (`institutions_idinstitutions`),
  CONSTRAINT `fk_institutions_has_employees_employees1` FOREIGN KEY (`employees_idemployees`) REFERENCES `employees` (`idemployees`),
  CONSTRAINT `fk_institutions_has_employees_institutions1` FOREIGN KEY (`institutions_idinstitutions`) REFERENCES `institutions` (`idinstitutions`)
) ENGINE=InnoDB DEFAULT CHARSET=utf8mb4 COLLATE=utf8mb4_0900_ai_ci;
/*!40101 SET character_set_client = @saved_cs_client */;

--
-- Dumping data for table `employees_education`
--

LOCK TABLES `employees_education` WRITE;
/*!40000 ALTER TABLE `employees_education` DISABLE KEYS */;
INSERT INTO `employees_education` VALUES (0,0,'','0000-00-00','0000-00-00',0,'0000-00-00','',''),(0,1001,'Bachelor of Science in Computer Science','2019-08-07','2024-04-20',300,'2024-04-20','NOT APPLICABLE','NOT APPLICABLE'),(1,3,'Bachelor of Science in Information and Techno','0000-00-00','0000-00-00',120,'0000-00-00','Merit-Based Academic Scholarship','Cum Laude'),(2,5,'Bachelor of Science in Information and Techno','2016-06-12','2020-12-20',120,'2020-12-20','N/A','N/A'),(2,7,'Bachelor of Science in Information and Techno','2020-09-01','0000-00-00',120,'0000-00-00','N/A','N/A'),(2,17,'Bachelor of Science in Information and Techno','2021-08-06','2025-06-26',155,'2025-05-24','N/A','N/A'),(2,18,'Bachelor of Science in Computer Science','2019-06-23','2023-06-13',42,'2023-05-13','NOT APPLICABLE','NOT APPLICABLE'),(2,19,'Bachelor of Science in Information and Techno','2020-05-22','2024-04-20',19,'2024-04-20','NOT APPLICABLE','NOT APPLICABLE'),(2,37,'Bachelor of Science in Computer Science','2015-04-01','2020-05-30',120,'2020-05-30','N/A','n/a'),(2,55,'Bachelor of Science in Computer Science','2018-05-05','2022-05-05',120,'2022-06-06','NOT APPLICABLE','NOT APPLICABLE'),(2,63,'Elementary','2007-06-12','2013-04-12',125,'2013-04-12','NOT APPLICABLE','Valedictorian'),(2,111,'Bachelor of Science in Computer Science','2017-02-01','2021-01-01',100,'2021-01-02','N/A','N/A'),(2,123,'Elementary','2008-06-07','2014-03-15',0,'2024-00-00','N/A','N/A'),(2,822,'Bachelor of Science in Computer Science','2020-06-01','2024-05-23',160,'2024-05-30','N/A','N/A'),(2,202180012,'Bachelor of Science in Computer Science','2021-07-24','2025-04-25',120,'2025-04-25','N/A','N/A'),(2,202180383,'Bachelor of Science in Computer Science','2021-09-05','2025-06-07',200,'2025-06-07','NOT APPLICABLE','President\'s List'),(3,7,'JUNIOR HIGHSCHOOL','0000-00-00','0000-00-00',0,'2018-00-00','N/A','With Honor'),(3,37,'N/A','2008-04-01','2014-05-30',0,'2014-05-30','N/A','n/a'),(4,7,'ELEMENTARY','0000-00-00','0000-00-00',0,'0000-00-00','N/A','N/A'),(5,7,'BSMT - SENIOR HIGHSCHOOL','0000-00-00','0000-00-00',0,'2020-00-00','N/A','With Honor'),(6,5,'JUNOIR HIGHSCHOOL','2010-06-12','2014-04-14',0,'2014-04-14','N/A','With High Honors'),(7,5,'STEM - SENIOR HIGHSCHOOL','2014-07-02','2016-05-13',0,'2016-05-13','N/A','With Honors'),(7,123,'Highschool','0000-00-00','2020-04-12',0,'2020-00-00','N/A','With Honor'),(8,5,'ELEMENTARY','2006-06-25','2010-04-15',0,'2010-04-15','N/A','N/A'),(9,6,'HUMSS Senior High School','2019-06-08','2021-04-15',0,'2021-06-15','N/A','With Honors'),(10,9,'STEM-SENIOR HIGHSCHOOL','2018-07-02','2020-05-13',0,'2020-05-13','N/A','With Honors'),(11,18,'high school','2015-05-03','2018-04-14',0,'2018-04-13','NOT APPLICABLE','NOT APPLICABLE'),(11,63,'Junior High School','2013-06-15','2017-04-23',175,'2017-04-23','NOT APPLICABLE','With High Honors'),(12,10,'STEM-SENIOR HIGHSCHOOL','2018-08-14','2020-04-16',0,'2014-04-24','N/A',''),(12,425,'Bachelor of Science in Information Technology','2015-06-01','2019-05-30',120,'2019-05-30','N/A','Dean\'s List'),(13,4,'ELEMENTARY','2006-07-14','2012-05-24',0,'2012-05-24','N/A','N/A'),(14,4,'HIGH SCHOOL','2012-07-13','2018-06-12',0,'2018-06-12','N/A','with Honors'),(15,4,'Bachelor of Science in Information and Techno','2018-08-12','2022-07-25',0,'2022-07-26','N/A','N/A'),(16,11,'ICT - SENIOR HIGHSCHOOL','2019-06-12','2021-06-12',0,'2021-06-12','NOT APPLICABLE','With High Honors'),(17,13,'BS in Computer Science','2019-08-01','2022-04-15',69,'0000-00-00','N/A','CUM LAUDE'),(19,4,'Master of Education (Med)','2021-01-01','2024-01-02',265,'2024-03-02','TES ',''),(19,132,'Bachelor of Science in Computer science ','2020-08-11','2024-08-11',0,'2024-03-11','NOT Applicable','NOT Applicable'),(24,8,'Bachelor of Science in Information and Techno','2021-08-24','2024-01-19',120,'2024-01-19','N/A','N/A'),(25,8,'ELEMENTARY','2006-07-20','2012-05-28',0,'2012-05-28','N/A','N/A'),(26,17,'HIGH SCHOOL','2015-08-25','2021-06-29',0,'2021-07-12','N/A','With High Honors'),(27,18,'Elementary','2010-06-01','2017-04-15',0,'2017-04-15','NOT APPLICABLE','NOT APPLICABLE'),(28,17,'ELEMENTARY','2008-06-06','2015-07-04',0,'2015-07-25','N/A','N/A'),(29,8,'HIGH SCHOOL','2012-07-13','2020-06-12',0,'2020-06-12','N/A','with Honors'),(30,20,'Bachelor of Science in Information and Techno','2012-03-27','2024-05-19',0,'2025-04-18','N/A','N/A'),(31,21,'Bachelor of Science in Information Technology','2021-07-25','2025-06-25',100,'2025-06-24','N/A','Most Honest'),(31,63,'Senior High School (STEM)','2017-06-12','2019-06-12',125,'2019-06-12','NOT APPLICABLE','With Honor'),(32,22,'Bachelor of Science in Information Technology','2021-01-01','2025-01-01',92,'2025-01-01','NOT APPLICABLE','Best in Attendance'),(32,62,'Senior High School (STEM)','2017-06-22','2019-06-22',129,'2019-06-23','E-Company','N/A'),(33,23,'Bachelor of Science in Information Technology','2021-08-08','2025-08-08',500,'2025-08-08','N/A','N/A'),(33,63,'BS in Information Technology','2019-06-12','2023-06-12',400,'2023-06-12','NOT APPLICABLE','Cum Laude'),(34,21,'ELEMENTARY','2009-06-10','2015-03-30',0,'2015-03-29','N/A','Cum laude'),(35,21,'HIGH SCHOOL','2016-06-20','2021-06-25',0,'2021-06-24','N/A','With High Honor'),(36,26,'Bachelor of Science in Information Technology','2015-05-09','2022-09-05',0,'2022-09-08','NOT APPLICABLE','NOT APPLICABLE'),(37,25,'Bachelor of Science in Information Technology','2019-07-21','2022-07-21',0,'2018-07-21','N/A','With Honors'),(37,62,'Master of Science in Storage Administration','2023-06-22','2027-06-22',690,'2027-06-22','NOT APPLICABLE','NOT APPLICABLE'),(37,888,'Bachelor of Science in Information Technology','2010-07-01','2014-05-30',3,'2014-06-05','N/A','Academic Award'),(37,9999,'Bachelor of Science in Computer Science','2015-06-01','2019-05-30',150,'2019-05-30','Merit Scholarship','Dean\'s List'),(38,27,'College','2018-06-08','2028-07-10',40,'2025-08-14','NOT APPLICATABLE','NOT APPLICABLE'),(39,32,'Bachelor of Science in Computer Science','2019-07-00','2025-00-00',143,'2025-00-00','N/A','N/A'),(40,143,'Bachelor of Science in Computer science ','2021-07-01','2025-01-01',159,'2025-01-01','N/A','N/A'),(41,30,'Bachelor of Science in Information Technology','2019-08-25','2019-12-12',60,'2025-06-02','NOT APPLICABLE','NOT APPLICABLE'),(41,62,'Junior High School','2013-06-22','2017-06-30',169,'2017-06-30','E-Company','With Honors'),(42,28,'Masters in Information Technology','2018-08-10','2025-08-10',420,'2025-08-08','N/A','With Distinction'),(42,62,'BS in Information Technology','2019-06-22','2023-06-22',567,'2023-06-23','TEP','Suma Cum Laude'),(43,34,'Bachelor of Sceince in Information Technology','2019-08-09','2025-05-04',0,'0000-00-00','',''),(44,1,'Bachelor of Science in Computer Science','2020-08-15','2024-05-16',134,'2024-05-30','N/A','Most Friendly'),(45,33,'Bachelor of Science in Information Technology','2020-08-27','2024-04-29',360,'0000-00-00','N/A','N/A'),(47,777,'Bachelor of Science In Information Technology','2019-11-24','2020-11-24',160,'2025-03-25','N/A','N/A'),(48,1214,'Bachelor of Science in Information Technology','2017-09-10','2021-03-02',155,'2021-00-00','N/A','N/A'),(49,38,'BSIT','2020-08-07','2025-05-10',53,'2025-05-10','N/A','N/A'),(50,123,'Bachelor of Science in Computer science ','2016-06-15','2020-03-20',184,'2020-00-00','NOT APPLICABLE','NOT APPLICABLE'),(51,36,'Bachelor of Science in Computer Science','2020-01-01','2024-01-01',84,'2024-01-01','N/A','N/A'),(51,420,'Bachelor of Science in Computer Science','2021-07-01','2025-01-01',159,'2025-01-01','N/A','N/A'),(52,50,'Bachelor of Science in Computer Technology','2018-01-01','2024-01-01',80,'2024-04-11','N/A','With Honors'),(63,62,'Elementary','2007-06-12','2007-04-12',169,'2013-04-26','NOT APPLICABLE','Valedictorian'),(63,63,'Master of Science in Information Systems','2023-06-12','2027-06-12',600,'2027-06-12','NOT APPLICABLE','NOT APPLICABLE'),(69,69,'Bachelor of Science in Computer science ','2020-07-01','2024-07-01',178,'2024-08-18','N/A','N/A'),(70,1830,'Bachelor of Science In Information Technology','2019-09-08','2023-09-08',71,'2025-09-08','N/A','N/A'),(71,5156,'Master in Information Technology','2022-02-10','2022-10-20',120,'2023-01-15','N/A','Loyal'),(72,14369,'Masters in Information Technology','2018-08-08','2025-08-08',619,'2025-08-08','N/A','Most Neat & Clean'),(73,20202,'Bachelor of Science in Computer Science','2022-08-12','2025-07-25',158,'2025-07-25','N/A','N/A'),(88,88,'Bachelor of Science in Computer Science','2020-06-01','2025-05-30',165,'2025-06-02','NOT APPLICABLE','NOT APPLICABLE'),(96,102,'Bachelor of Science in Computer Science','2020-06-20','2030-06-12',180,'2030-06-30','NOT APPLICABLE','NOT APPLICABLE'),(98,98,'Bachelor of Science in Computer Technology','2019-03-15','2020-04-17',30,'2024-06-14','N/A','N/A'),(99,99,'Elementary','2005-09-09','2011-09-09',0,'2011-09-09','NOT APPLICABLE','NOT APPLICABLE'),(100,99,'High School','2012-09-09','2019-09-09',0,'2019-09-09','NOT APPLICABLE','Valedictorian'),(101,99,'Bachelor of Science in Computer Science','2020-09-09','2023-09-09',90,'2023-09-09','NOT APPLICABLE','NOT APPLICABLE'),(102,104,'BS Esports','2019-08-15','2023-05-10',1000,'2023-05-10','N/A','N/A'),(103,103,'Bachelor of Science in Computer Science','2017-08-15','2022-06-30',130,'2022-07-16','Quantum Merit Scholarship','Stellar Scholar Award'),(104,24,'Bachelor of Science in Information Technology','2021-08-01','2025-05-01',155,'2024-05-01','NOT APPLICABLE','NOT APPLICABLE'),(106,106,'Bachelor of Science in Computer Science','2017-08-15','2022-06-30',130,'2022-07-16','Wang Lou Scholarship',''),(111,102,'Elementary','2008-06-08','2014-06-12',0,'2014-06-13','NOT APPLICABLE','NOT APPLICABLE'),(111,111,'Elementary','2005-01-01','2011-01-01',0,'2011-01-02','N/A','N/A'),(112,102,'High-School','2014-07-12','2020-05-10',0,'2020-05-11','NOT APPLICABLE','NOT APPLICABLE'),(112,111,'High School','2011-02-01','2015-01-01',0,'2015-01-02','N/A','N/A'),(113,111,'Senior High School','2015-02-01','2017-01-01',0,'2017-01-02','N/A','N/A'),(124,124,'Bachelor of Science in Computer Science','2018-08-22','2023-07-27',120,'2023-08-02','Future Leaders Scholarship','Outstanding Research'),(125,125,'Bachelor of Science in Computer Science','2013-04-04','2017-06-22',200,'2017-08-03','N/A','N/A'),(126,35,'Bachelor of Computer Science','2018-04-09','2023-05-02',126,'2023-05-02','NOT APPLICABLE','NOT APPLICABLE'),(187,187,'Bachelor of Science in Information Technology','2020-08-15','2024-05-16',0,'2024-05-18','N/A','N/A'),(202,37,'N/A','2000-04-01','2006-05-30',0,'2006-05-30','N/A','n/a'),(245,8764,'Bachelor of Science in Information Technology','2014-06-01','2020-05-30',150,'2021-04-30','N/A','N/A'),(333,11111,'Bachelor of Science in Information System','2001-08-03','2007-07-25',186,'2007-08-15','N/A','N/A'),(401,202180186,'Tech Policy Development','2016-01-01','2020-01-01',400,'2020-01-01','N/A','N/A'),(402,202180186,'Elementary','2004-01-01','2010-01-01',400,'2010-01-01','N/A','With High Honors'),(403,202180186,'Secondary','2010-01-01','2016-01-01',400,'2016-01-01','N/A','With Honors'),(404,202180186,'Internship','2020-01-01','2020-06-01',400,'2020-06-01','N/A','N/A'),(450,69001,'Game Engine Development','2022-06-15','2023-01-10',36,'2023-01-10','N/A','N/A'),(451,9090,'Bachelor of Science in Information Technology','2022-09-09','2023-02-17',40,'2021-06-15','N/A','N/A'),(456,2023,'BSIT','2023-12-12','2090-12-11',90,'2091-12-12','N/A','N/A'),(555,55,'Elementary','2005-03-03','2011-03-03',0,'2011-03-03','NOT APPLICABLE','NOT APPLICABLE'),(556,55,'High School','2011-04-04','2015-04-04',0,'2015-04-04','NOT APPLICABLE','NOT APPLICABLE'),(666,666,'BACHELOR OF SCIENCE IN INFORMATION TECHNOLOGY','2010-10-10','2020-10-20',666,'2021-10-21','NOT APPLICABLE','NOT APPLICABLE'),(913,913,'BS in Information Technology','2028-05-17','2024-12-12',123,'2025-07-17','N/A','N/A'),(991,991,'Bachelor of Science in Tambay ','2002-09-15','0000-00-00',199,'2023-12-12','NOT APPLICABLE','Magna Cum Laude'),(1000,1000,'Bachelor of Science in Computer Science','2020-10-03','2025-04-21',190,'2025-05-12','N/A','N/A'),(1129,1129,'Bachelor of Science in Information Technology','2020-08-03','2025-04-01',119,'2025-04-10','N/A','N/A'),(1312,1304,'Bachelor of Science in Computer Science','2021-10-18','2025-04-15',350,'2025-04-15','N/A','With Flying Color'),(1818,1818,'Bachelor of Science in Information Technology','2017-06-01','2022-05-30',118,'2022-05-30','Merit Scholarship','Dean\'s List'),(2121,2121,'Bachelor of Science in Computer Science','2021-06-08','2023-07-15',150,'2025-07-23','NOT APPLICABLE','NOT APPLICABLE'),(2307,2309,'Elementary','2007-06-01','2013-03-25',0,'2013-03-28','N/A','N/A'),(2308,2309,'Highschool','2013-06-01','2019-03-24',0,'2019-03-27','N/A','N/A'),(2309,2309,'Bachelor of Science in Computer Science','2019-08-05','2025-05-25',158,'2025-07-05','N/A','N/A'),(4420,619,'Bachelor of Laws','2023-01-01','2043-12-25',90,'2044-01-01','N/A',''),(5555,51555,'Vocational','0000-00-00','2001-10-01',1000,'2222-12-22','Eskolar ng Bayan','N/A'),(12345,12345,'Bachelor of Science in Computer Technology','2020-04-04','2023-11-25',180,'2023-11-25','N/A','N/A'),(55555,55555,'College','2018-09-14','2022-05-29',130,'2023-03-13','N/A','N/A'),(76449,76444,'Elementary','2007-06-01','2013-05-28',0,'2013-05-30','N/A','N/A'),(76450,76444,'Highschool','2013-06-01','2019-05-30',0,'2019-08-13','N/A','N/A'),(76451,76444,'Bachelor of Science in Computer Science','2019-06-01','2024-05-28',160,'2024-05-30','Merit Scholarship','Dean\'s List'),(76452,90001,'Bachelor of Science in Computer Science','2015-06-01','2020-05-27',120,'2020-05-30','N/A','N/A'),(76453,204375,'Bachelor of Science in Computer Science','2018-06-07','2024-05-28',180,'2024-05-30','N/A','N/A'),(76454,90002,'Bachelor of Science in Computer Science','2019-08-25','2022-06-23',180,'2022-06-25','N/A','N/A'),(90449,90444,'Elementary','2007-06-01','2013-05-28',0,'2013-05-30','N/A','N/A'),(90450,90444,'Highschool','2013-06-01','2019-05-30',0,'2019-08-13','N/A','N/A'),(90451,90444,'Bachelor of Science in IT','2019-06-01','2024-05-28',160,'2025-05-30','Merit Scholarship','Dean\'s List'),(90809,9082122,'Bachelor of Science in Computer Science','2016-06-01','2020-05-30',150,'2020-05-30','N/A','N/A'),(110022,455,'Masters of Science in Computer Science','2020-08-05','2022-10-31',15,'2022-00-00','N/A','N/A'),(134811,134811,'Bachelor of Science in Information Technology','2020-06-21','2025-06-21',280,'2025-06-21','N/A','N/A'),(200021,200021,'Bachelor of Science in Computer Science','2021-06-08','2025-07-15',200,'2025-07-25','NOT APPLICABLE','NOT APPLICABLE'),(202080,202080,'Bachelor of Science in Computer Science','2010-10-25','2020-07-25',150,'2023-08-24','N/A','N/A'),(202081,202081,'Bachelor of Science in Computer Science','2010-08-25','2023-07-15',280,'2023-07-08','N/A','N/A'),(246810,246810,'Bachelor of Science in Information Technology','2012-08-20','2016-09-25',200,'2016-09-25','N/A','N/A'),(2018711,201880066,'BSIT','2010-04-23','2019-04-02',89,'2027-01-01','N/A','N/A'),(10262023,2020801456,'BS in Information Technology','2020-08-23','2024-03-12',221,'2024-03-25','N/A','N/A'),(20182018,201880036,'BSAYTI','0000-00-00','2040-01-01',1,'2030-02-02','N/A','N/A'),(20231129,202080491,'BS in Computer Science','2019-08-07','2024-04-02',143,'2026-01-01','N/A','N/A'),(201980339,201980339,'Undergraduate','2019-08-19','0000-00-00',60,'0000-00-00','n/a','n/a'),(202080035,202080035,'Bachelor of Science in Information Technology','2018-12-25','2021-12-03',120,'2015-04-15','N/A','N/A'),(202080044,202080044,'Bachelor of Science in Information Technology','2020-06-01','2025-06-01',168,'2025-06-01','N/A','N/A'),(202080089,20203,'Bachelor of Science in Computer Science','2020-02-12','2026-03-12',158,'2026-03-12','N/A','N/A'),(202080160,202080160,'Bachelor of Science in Computer Science','2019-01-01','2024-01-01',108,'2024-01-01','N/A','N/A'),(202080457,202080457,'Bachelor of Science in Computer Science','2020-08-07','2025-07-01',160,'2025-07-01','N/A','N/A'),(202080473,202080473,'Bachelor of Science in Computer Science','2020-08-07','2024-07-04',200,'2024-07-04','N/A','N/A'),(202080476,202080476,'Bachelor of Science in Computer Science','2020-08-10','2024-07-05',240,'2024-07-05','N/A','N/A'),(202143147,202143145,'Bachelor of Science in Information Technology','2020-09-08','2025-05-02',112,'2025-05-02','N/A','N/A'),(202180036,202180036,'BSIT','2002-10-22','2002-10-11',123,'2002-10-13','NOT APPLICABLE','NOT APPLICABLE'),(202180157,202180157,'BS in Computer Science','2023-05-08','2025-05-08',380,'2025-05-08','N/A','N/A'),(202180343,202180343,'BS in Information Technology','2019-06-05','2024-05-02',270,'2024-05-02','N/A','N/A'),(202180383,202180383,'Senior Highschool','2015-06-08','2021-07-15',0,'2021-07-15','NOT APPLIACBLE','With High Honors'),(202180384,202180384,'Bachelor of Science in Information Technology','2020-06-07','2022-11-08',165,'2022-11-08','NOT APPLICABLE','N/A'),(314159265,1170131,'BS Information Technology','0000-00-00','2025-09-07',280,'2025-09-07','N/A','N/A'),(2020100612,2020100612,'BSIT','2020-10-06','2025-04-05',190,'2025-04-05','N/A','N/A'),(2020800411,81233,'BS in Information Technology','2019-08-07','2024-04-01',111,'2024-04-01','N/A',''),(2023200101,2147483647,'BS in Information Technology','2018-09-12','2024-09-13',180,'2024-03-01','N/A','N/A');
/*!40000 ALTER TABLE `employees_education` ENABLE KEYS */;
UNLOCK TABLES;

--
-- Table structure for table `employees_ext_involvements`
--

DROP TABLE IF EXISTS `employees_ext_involvements`;
/*!40101 SET @saved_cs_client     = @@character_set_client */;
/*!50503 SET character_set_client = utf8mb4 */;
CREATE TABLE `employees_ext_involvements` (
  `employees_idemployees` int NOT NULL,
  `institutions_idinstitutions` int NOT NULL,
  `involvement_type` varchar(45) NOT NULL,
  `start_date` date NOT NULL,
  `end_date` date NOT NULL,
  `no_hours` int NOT NULL,
  `work_nature` varchar(45) NOT NULL DEFAULT 'not applicable',
  PRIMARY KEY (`employees_idemployees`,`institutions_idinstitutions`),
  KEY `fk_employees_has_institutions_institutions1_idx` (`institutions_idinstitutions`),
  KEY `fk_employees_has_institutions_employees1_idx` (`employees_idemployees`),
  CONSTRAINT `fk_employees_has_institutions_employees1` FOREIGN KEY (`employees_idemployees`) REFERENCES `employees` (`idemployees`),
  CONSTRAINT `fk_employees_has_institutions_institutions1` FOREIGN KEY (`institutions_idinstitutions`) REFERENCES `institutions` (`idinstitutions`)
) ENGINE=InnoDB DEFAULT CHARSET=utf8mb4 COLLATE=utf8mb4_0900_ai_ci;
/*!40101 SET character_set_client = @saved_cs_client */;

--
-- Dumping data for table `employees_ext_involvements`
--

LOCK TABLES `employees_ext_involvements` WRITE;
/*!40000 ALTER TABLE `employees_ext_involvements` DISABLE KEYS */;
INSERT INTO `employees_ext_involvements` VALUES (0,53,'Emcee/ Subject Matter Expert','2069-04-20','2069-04-20',8,'Cyber Security'),(1,2,'Contractual Service','2023-10-05','2023-11-05',120,'Database Modification'),(2,19,'Traing','2020-05-11','2020-09-03',0,'not applicable'),(3,1,'Guest Speaker','0000-00-00','0000-00-00',8,'Conducted workshops on Emerging Trends in IT '),(4,15,'Guest Speaker','2021-05-22','2021-05-22',8,'Orientation on Privacy and the Data Privacy L'),(6,9,'Volunteering','2020-10-10','2023-10-10',8,'Conduct any unpaid work performed willingly f'),(7,2,'Training/Workshop Host','2022-11-11','2022-11-12',16,'Conducting training sessions or workshops to '),(8,28,'Trainee','2022-02-01','2022-02-12',60,'Freelance or Contract Work'),(9,10,'Seminar Host','2021-10-22','2021-10-23',16,'Conducting training sessions and Seminars'),(10,12,'Training','2021-11-10','2022-02-05',80,'Human Resource Manager'),(11,16,'Project Team Principal','2022-05-22','2022-05-22',8,'IT Project Manager'),(13,17,'Participant','2020-01-01','2020-06-30',100,'Training for Young Developers'),(17,12,'Participant','2023-04-03','2023-04-05',20,'Project Management'),(18,27,'Trainee','2023-05-17','2023-09-23',12,'Training sessions about cloud computing'),(19,2,'Moral Support','2024-10-19','2024-12-20',200,'Data Security '),(20,30,'Participant','2023-11-10','2023-12-15',150,'Data Analyst'),(21,31,'Trainee','2023-10-10','2023-12-10',24,'UI/UX Designer'),(22,32,'Trainee','2023-10-10','2023-12-10',600,'Full-Stack Developer'),(23,33,'Trainee','2023-11-11','2023-12-12',400,'Front End Developer'),(24,24,'Trainee','2023-11-24','2023-12-24',24,'Full Stack Developer'),(24,104,'Trainee','2021-04-04','2021-04-04',4,'Ethical Hacking Training'),(25,37,'Trainee','2023-07-11','2024-08-05',450,'Network Export'),(26,36,'Trainee','2023-05-09','2023-09-05',0,'IT Specialist'),(27,27,'Trainee','2023-06-06','2023-06-11',20,'Mobile App Development'),(28,42,'Participant','2023-05-05','2023-05-08',24,'Information Security Analyst'),(32,39,'Trainee','2022-10-10','2023-12-02',600,'Programming'),(33,45,'Participant','2023-08-18','2023-12-25',16,'Web Developer'),(36,51,'Trainee','2022-01-01','2023-01-01',100,'Game Development'),(37,2,'Participant','2021-04-01','2021-04-03',8,'seminar'),(38,49,'Contractual','2023-05-20','2023-10-20',10,'Geomatic Technician'),(50,52,'Participant','2021-09-11','2021-09-14',6,'Web Development'),(55,2,'Trainee','2022-08-08','2022-09-09',192,'Web Designing'),(62,62,'Trainee','2023-06-22','2023-07-10',300,'Storage Administrator'),(63,63,'Special Guest','2023-08-08','2023-08-10',20,'System Administrator'),(69,69,'Trainee','2023-08-01','2023-08-16',15,'Back End Developer'),(88,20,'Participant','2022-03-01','2023-03-15',120,'Full Stack Developer'),(98,98,'Participant','2020-06-15','2021-06-20',1200,'Front-end Developer'),(99,101,'Participant','2023-09-12','2023-09-20',300,'Training for future developers'),(102,96,'Volunteer','2023-03-03','2023-06-06',2,'Research'),(103,103,'Trainee','2022-08-01','2023-08-05',1200,'Cybersecurity Analyst'),(104,102,'Host','2021-06-12','2021-06-12',12,'Network Speed Test'),(106,106,'Participants','2023-01-29','2023-01-31',72,'Seminar'),(111,2,'Trainee','2021-01-01','2021-02-02',192,'Website Development'),(123,50,'Participant','2023-03-01','2023-06-01',360,'System Developer'),(124,124,'Trainee','2021-09-21','2022-10-11',1200,'Security Analyst'),(125,125,'Data Science Consultant','2021-03-07','2021-07-28',600,'Advising on Implementation of Quantum Data A'),(132,19,'Participant','2022-03-03','2023-04-03',222,'Data Analyst'),(143,12,'Trainee','2023-01-01','2023-04-01',300,'Game Analyst'),(187,187,'Participant','2019-12-03','2020-01-23',240,'Cybersecurity and Data Management'),(425,12,'Participant','2023-05-20','2023-05-21',20,'Project Management'),(455,110022,'Participant','2022-11-08','2022-11-10',20,'Neural Networks'),(619,4420,'Participant','2023-01-01','2024-01-01',120,'Cybersecurity Development'),(666,666,'Volunteer','2022-01-01','2022-09-10',666,'Analyzing Data and Security'),(777,47,'Trainee','2023-12-25','2024-01-25',240,'Project Reporting'),(822,2,'Trainee','2023-03-02','2024-08-03',89,'web Developer'),(888,37,'Guest Speaker','2023-10-10','2023-10-15',10,'UI/UX Designer'),(913,913,'Trainee','2021-05-06','2024-09-21',8,'Animator'),(991,991,'Participant','2020-10-01','2021-04-12',5000,'Researcher'),(1000,1000,'Participant','2023-01-15','2023-01-25',80,'Cloud Network Developer'),(1001,0,'The Guest','2021-05-15','2023-12-02',48,'Mobile App Developer'),(1214,48,'Participant','2022-02-03','2023-04-05',30,'Web developer'),(1304,1312,'Major Sponsor','2023-10-21','2023-10-28',300,'System Developer'),(1818,1818,'Trainee','2023-01-02','2023-07-03',30,'Designing user interfaces'),(1830,70,'Participant','2023-09-08','2026-09-08',60,'Mechanical Developer'),(2023,456,'Trainee','2024-12-12','2025-12-12',9,'Web Developer'),(2121,2121,'Trainee','2023-11-20','2023-11-24',10,'Web Developer'),(2309,2309,'Trainee','2025-09-15','2025-11-20',200,'Cybersecurity Training'),(5156,71,'Participant','2023-05-15','2023-06-15',15,'Google Support'),(8764,245,'Trainee','2023-09-19','2024-01-19',20,'Web Developer'),(9090,451,'Trainee','2023-06-07','2024-02-11',90,'Social Anti-Crime '),(9999,37,'Trainee','2023-04-01','2023-04-03',20,'Cybersecurity Training'),(11111,333,'Volunteer','2021-05-04','2022-09-21',3000,'DevOps'),(12345,12345,'Trainee','2023-11-25','2023-09-12',180,'Contract Work'),(14369,72,'Participant','2023-05-05','2023-05-10',23,'Information Systems Researcher II'),(20202,73,'Intern','2022-03-11','2022-08-28',976,'UI/UX Designer'),(20203,202080089,'Trainee','2020-03-24','2023-11-27',100,'Game Dev'),(51555,5555,'Demo Assistant','2000-01-01','2001-02-02',55,'Risk Testing'),(55555,55555,'Participant','2022-12-22','2023-05-15',24,'Web Dev'),(69001,450,'Trainee','2023-05-06','2024-01-10',80,'Game Engine Development'),(76444,76449,'Trainee','2023-04-01','2023-09-03',21,'DevOps Training'),(81233,2020800411,'Volunteering','2023-01-01','2023-01-01',10,'Cybersecurity'),(90001,76452,'Trainee','2023-06-11','2023-10-15',160,'Back-end Developer'),(90002,76452,'Voluntary','2023-09-01','2024-09-04',1000,'Web Developer'),(90444,90449,'Trainee','2023-04-01','2023-10-03',19,'GameDevz Training'),(134811,134811,'Trainee','2024-01-05','2024-06-05',1200,'Web Designer'),(200021,200021,'Trainee','2021-06-20','2021-06-28',300,'Front-End Web Dev Convention'),(202080,202080,'Trainee','2023-10-30','0000-00-00',150,'Web Developer'),(202081,202081,'Participant','2023-11-25','2023-11-30',10,'Web Developer'),(246810,246810,'Trainee','2021-05-15','2022-05-15',350,'Systems Administrator'),(1170131,314159265,'Intern','2022-09-07','2023-07-09',1970,'AR-HRM Development'),(9082122,90809,'Draftee','2022-11-12','2022-11-14',48,'Skill Test'),(201880036,20182018,'Guest','2011-11-12','2020-01-05',0,'Game Developers'),(201880066,2018711,'Expert','2020-05-05','2029-05-05',43,'Encoder'),(201980339,201980339,'Intern','2023-11-26','2023-12-26',4,'internship'),(202080044,202080044,'Trainee','2023-09-23','2023-09-25',25,'SoftwareArchitect'),(202080457,202080457,'Trainee','2023-11-26','2023-12-16',160,'Programming'),(202080473,202080473,'Trainee','2023-11-28','2023-12-02',120,'Designing'),(202080476,202080476,'Trainee','2023-12-01','2024-02-15',200,'Cyber Security'),(202080491,20231129,'Guest','2023-01-01','2023-01-01',8,'Intensive Training Programs'),(202143145,202143147,'Trainee','2022-05-05','2022-05-05',6,'Network Architecture'),(202180012,2,'Volunteer','2022-08-23','2025-04-23',999,'Multimedia Specialist'),(202180032,202180032,'Guest Speaker','2021-08-31','2021-08-07',8,'Webinar'),(202180036,202180036,'Trainee','2002-10-22','2002-10-19',10,'Test'),(202180157,202180157,'Trainee','2021-04-04','2021-04-05',8,'Webinar'),(202180186,404,'IT Policy Consultant','2021-06-01','2022-01-01',200,'Consultation'),(202180343,202180343,'Trainee','2023-11-26','2023-11-26',111,'Data Security and Cloud Services'),(202180383,202180383,'Guest Speaker','2023-06-06','2023-06-06',2,'Symposium about Game Development'),(202180384,202180384,'Trainee','2023-08-12','2020-08-12',3,'Webinar'),(2020100612,2020100612,'Trainee','2021-04-04','2021-04-04',5,'Networking Plan'),(2020801456,10262023,'Trainee','2023-01-02','2023-05-03',10,'Graphical Designer'),(2147483647,2023200101,'admin','2021-04-05','2025-04-05',8,'Cyber Security');
/*!40000 ALTER TABLE `employees_ext_involvements` ENABLE KEYS */;
UNLOCK TABLES;

--
-- Table structure for table `employees_has_trainings`
--

DROP TABLE IF EXISTS `employees_has_trainings`;
/*!40101 SET @saved_cs_client     = @@character_set_client */;
/*!50503 SET character_set_client = utf8mb4 */;
CREATE TABLE `employees_has_trainings` (
  `employees_idemployees` int NOT NULL,
  `trainings_idtrainings` int NOT NULL,
  `participation_type` varchar(45) NOT NULL,
  PRIMARY KEY (`employees_idemployees`,`trainings_idtrainings`),
  KEY `fk_employees_has_trainings_trainings1_idx` (`trainings_idtrainings`),
  KEY `fk_employees_has_trainings_employees1_idx` (`employees_idemployees`),
  CONSTRAINT `fk_employees_has_trainings_employees1` FOREIGN KEY (`employees_idemployees`) REFERENCES `employees` (`idemployees`),
  CONSTRAINT `fk_employees_has_trainings_trainings1` FOREIGN KEY (`trainings_idtrainings`) REFERENCES `trainings` (`idtrainings`)
) ENGINE=InnoDB DEFAULT CHARSET=utf8mb4 COLLATE=utf8mb4_0900_ai_ci;
/*!40101 SET character_set_client = @saved_cs_client */;

--
-- Dumping data for table `employees_has_trainings`
--

LOCK TABLES `employees_has_trainings` WRITE;
/*!40000 ALTER TABLE `employees_has_trainings` DISABLE KEYS */;
INSERT INTO `employees_has_trainings` VALUES (0,10,'On-Site Training'),(1,9,'Internship'),(3,1,'In-Person Training'),(4,122,'In-Person Training'),(5,1,'In-Person Training'),(5,3,'Online Training'),(6,4,'Orientation Training'),(7,1,'In-Person Training'),(8,2,'In-Person Training'),(8,19,'In-Person Training'),(9,5,'Online Training'),(10,6,'Online Training'),(11,7,'Trainor'),(13,8,'Traditional Classroom'),(17,17,'In-Person Training'),(19,4,'Online Training'),(20,20,'On-Site Training'),(21,22,'Online Training'),(22,21,'Online Training'),(23,25,'In-Person Training'),(24,104,'Virtual Training'),(25,23,'On-Site Training'),(26,24,'Online Training'),(27,27,'In-Person Training'),(28,31,'On-Site Training'),(32,27,'In-Person Seminar'),(33,35,'On-Site Training'),(35,46,'On-Site-Training'),(36,32,'On-Site Training'),(37,568,'In-Person Training'),(38,37,'On-Site-Training'),(50,50,'On-Site-Training'),(55,55,'On-Site Training'),(62,62,'Online Training'),(63,63,'In-Person Training'),(69,69,'On-Site-Training'),(88,88,'In-Person Training'),(98,98,'On-Site Training'),(99,99,'On-Site Training'),(102,36,'In-Person Training'),(103,103,'On-Site Training'),(104,102,'Actual'),(106,106,'In-Person Training'),(111,111,'On-Site Training'),(123,40,'On-site Training'),(124,124,'On-Site-Training'),(125,65,'In-Person Training'),(132,132,'On-site Training'),(143,143,'In-Person Training'),(187,187,'On-Site Training'),(420,24,'On-Site Training'),(425,425,'In-Person Training'),(455,2212,'On-Site Training'),(619,4420,'In-Person Training'),(666,666,'On-Site Training'),(777,471,'On-site Training'),(822,8227,'On-Site Training'),(888,888,'In-Person Training'),(913,90013,'On-Site-Training'),(991,991,'In-Person Training'),(1000,1000,'On-Site-Training'),(1001,1001,'On-Site-Training'),(1214,1214,'On-site Training'),(1818,1818,'In-Person Training'),(1830,70,'On-Site Training'),(2023,987,'In-Person Training'),(2121,2121,'In-Person Training'),(2309,2309,'On-Site Training'),(5156,33,'On-Site Training'),(8764,8764,'On Site Training'),(9090,9092,'In-Person Training'),(9999,9999,'In-Person Training'),(11111,1001,'On-Site-Training'),(12345,12345,'On-Site Training'),(14369,34,'In-Person Training'),(20202,71,'Virtual '),(20203,20203,'On-Site-Training'),(51555,555,'Manual Training'),(55555,12345,'On-Site-Training'),(55555,55555,'In-Person Training'),(69001,69120,'In-Person Training'),(76444,76501,'In-Person Training'),(81233,2020101111,'In-Person Training'),(90001,85000,'On-Site Training'),(90002,80123,'On-Site Training'),(90444,90501,'In-Person Training'),(134811,134811,'On-Site Training'),(200021,200021,'On-Site-Training'),(202080,202080,'On-Site Training'),(202081,202081,'On-Site Training'),(246810,246810,'On-Site Training '),(1170131,1170132,'On-Site Training'),(9082122,90809,'Physical'),(201880036,99999,'On-Site-Training'),(201880066,711711711,'Oncall'),(201980339,201980339,'Trainee'),(202080035,202080035,'On-Site-Training'),(202080044,202080044,'On-Site-Training'),(202080457,202080457,'On-Site-Training'),(202080473,202080473,'In Person Training'),(202080476,202080476,'On-Site-Training'),(202080491,20231130,'On-Site-Traing'),(202143145,202143149,'On-Site-Training'),(202180012,202180012,'On-Site-Training'),(202180036,202180036,'On-site-Training'),(202180157,202180157,'On-Site-Training'),(202180186,405,'On-Site-Training'),(202180186,406,'On-Site-Training'),(202180343,202180343,'On-Site-Training'),(202180383,202180383,'In-Person Training'),(202180384,202180384,'On-Site-Training'),(2020100612,2020100612,'On-Site-Training'),(2020801456,10262023,'On-Site-Training'),(2147483647,2023237188,'On-Site-Training');
/*!40000 ALTER TABLE `employees_has_trainings` ENABLE KEYS */;
UNLOCK TABLES;

--
-- Table structure for table `employees_prof_eligibility`
--

DROP TABLE IF EXISTS `employees_prof_eligibility`;
/*!40101 SET @saved_cs_client     = @@character_set_client */;
/*!50503 SET character_set_client = utf8mb4 */;
CREATE TABLE `employees_prof_eligibility` (
  `professional_exams_idprofessional_exams` int NOT NULL,
  `employees_idemployees` int NOT NULL,
  `rating` float NOT NULL,
  `exam_date` date NOT NULL,
  `exam_place` varchar(100) NOT NULL,
  `license_no` varchar(45) NOT NULL,
  `license_validity` date NOT NULL,
  PRIMARY KEY (`professional_exams_idprofessional_exams`,`employees_idemployees`),
  KEY `fk_professional_exams_has_employees_employees1_idx` (`employees_idemployees`),
  KEY `fk_professional_exams_has_employees_professional_exams1_idx` (`professional_exams_idprofessional_exams`),
  CONSTRAINT `fk_professional_exams_has_employees_employees1` FOREIGN KEY (`employees_idemployees`) REFERENCES `employees` (`idemployees`),
  CONSTRAINT `fk_professional_exams_has_employees_professional_exams1` FOREIGN KEY (`professional_exams_idprofessional_exams`) REFERENCES `professional_exams` (`idprofessional_exams`)
) ENGINE=InnoDB DEFAULT CHARSET=utf8mb4 COLLATE=utf8mb4_0900_ai_ci;
/*!40101 SET character_set_client = @saved_cs_client */;

--
-- Dumping data for table `employees_prof_eligibility`
--

LOCK TABLES `employees_prof_eligibility` WRITE;
/*!40000 ALTER TABLE `employees_prof_eligibility` DISABLE KEYS */;
INSERT INTO `employees_prof_eligibility` VALUES (0,1001,97.5,'2021-05-23','PSU','TOK411','3056-12-26'),(1,3,4.7,'2022-01-01','CloudTech Certification Center','CCA-2022-01010','0000-00-00'),(2,7,5,'2020-12-12','Metro Manila IT Testing Center','IT-1234567890','2030-12-12'),(3,5,4.7,'2020-10-29','Palawan DICT Center Building','DICT-612632267','2030-12-31'),(4,6,90,'2020-01-02','Manila','N/A','2025-01-02'),(5,8,85.5,'2022-06-20','Palawan Testing Center','N/A','0000-00-00'),(6,9,89,'2023-08-22','EC-Council CEH Manila','IT-12346134','2022-09-23'),(7,10,84,'2023-06-14','Municipality of Coron','N/A','0000-00-00'),(7,19,2.5,'2024-09-10','Zoom','N/A','2050-03-03'),(8,11,85.99,'2023-06-30','Bali Indonesia','N/A','2026-01-02'),(9,1,100,'2023-12-25','Japan Institute of Technology','JPN-8123-7777','2023-12-27'),(10,102,4.5,'2031-12-12','Something Academy','OCJD234567','2050-12-12'),(12,2,98,'2022-01-01','National University Laguna','DLN-1234-8888','2050-01-01'),(13,13,98,'2022-01-01','Ateneo de Manila University','N/A','2030-01-01'),(14,111,93.9,'2021-03-03','Tokyo, Japan','AWS-8888','2026-12-12'),(17,17,90.1,'2023-08-20','Palawan National School','CPE-420-069','2028-06-23'),(18,18,90,'2023-11-12','Google Meet','G-220-221','2030-09-10'),(19,20,8,'2023-12-11','West Ford ','W-2290-2324','2035-12-03'),(20,22,100,'2023-12-11','PalSu','CS-50-221133','2060-12-03'),(22,21,99.9,'2023-12-25','Hanyang University','S-111-222','2040-12-30'),(22,425,1,'2023-09-01','Pearson Testing Center','XYZ7890','2026-09-01'),(23,23,95.5,'2023-12-20','Bukid','A-007-008','2080-12-31'),(24,26,90,'2023-10-14','Hidden Leaf Village','Not Applicable','2090-05-09'),(25,25,100,'2023-11-20','Canada','N/A','2030-05-03'),(27,32,99.9,'2023-12-25','Brazil','SS-123-123','2100-12-25'),(28,30,94.5,'2023-12-23','Coliseum','T-203-992','2028-12-30'),(29,28,99,'2023-08-08','Oracle Center','SC30','2033-08-08'),(30,30,94,'2023-02-02','Colombia','LC-111-53','2028-01-01'),(32,36,95.2,'2023-01-01','University of Cambridge','123a-321b','2025-01-01'),(33,35,96,'2023-01-05','Tokyo University','NGNL-049-2014','2035-01-23'),(34,33,99.69,'2022-02-11','Holy Glory Place','0148GG960','2030-08-18'),(35,125,92,'2020-04-26',' Innovatech Institute of Technology','QCSS202335','2025-08-15'),(36,38,94.3,'2023-03-15','IGIS Headquarter','IGIS-00120','2025-10-20'),(40,123,95,'2022-06-30','Palawan State University','AWS-7777','2027-06-30'),(47,2020801456,89.2,'2022-12-23','SITEL','0123-23-32323','0000-00-00'),(50,50,80,'2023-04-12','Pearson VUE Testing Centers','7728-12144','2030-08-11'),(55,51555,75,'2000-01-02','Balayong','RISK555','3000-01-01'),(62,62,99.9,'2024-12-22','West 168 Street New York','NY-2422122','2035-12-22'),(63,63,99.1,'2024-12-12','Gocheok Sky Dome','SA-3144122','2035-12-12'),(69,69,90.5,'2022-09-12','SecureTech Testing Center','CITP-123','2030-09-12'),(70,1830,60.8,'2023-08-01','Crosia','N/A','2026-09-07'),(71,20202,92.4,'2023-11-26','Ateneo de Manila University','ISACA-1023','2034-01-01'),(88,88,97.6,'2022-12-12','Bing Testing Center ','B-1235-213','2027-12-12'),(98,98,97.5,'2021-07-12','Harvard University','N/A','0000-00-00'),(99,99,99.9,'2023-09-08','SM Puerto Princesa','12321232','2030-09-09'),(101,5156,96,'2023-05-15','Pokemon Center','G9500','2028-05-15'),(102,104,85.9,'2023-06-12','Singapore','lhdhegu287e','0000-00-00'),(103,103,90,'2022-05-26','QuantumTech Certification Center123','LIC12345','2040-12-31'),(104,24,80,'2022-09-17','Princeton University','QWE-001100','2030-01-01'),(106,106,88.9,'2022-12-26','SM Malvar','RO72634','3111-11-11'),(111,111,94.5,'2021-06-06','Tokyo, Japan','L15258764','2027-12-12'),(122,4,95.55,'2019-05-20','Ateneo De Manila University','022120667','2060-12-31'),(124,124,91.7,'2023-02-23','ProCert Testing Center','L1002-NIKITA-2OO2','2043-07-27'),(132,132,99,'2023-05-01','Tokyo','S-322-121','2030-01-01'),(143,143,98.5,'2023-01-25','Technical Institute of the Philippines','DTA-123-GT342','2029-01-01'),(187,187,97.9,'2020-01-12','UP Diliman','UP-1225667','2080-12-12'),(410,202180186,99.9,'2022-01-01','Metro Manila','0000-00-000','2050-01-01'),(411,202180186,99.9,'2021-01-01','Metro Manila','000-0-000','2050-01-01'),(421,420,98,'2023-11-24','PalSu','N/A','3000-01-01'),(555,55,92.5,'2023-01-04','University of Santo Tomas','L123-5362','2030-12-12'),(666,666,66.6,'2010-01-01','Boring, Oregon, US','WH0S-UR-D4DDY','2029-09-09'),(711,201880066,75,'2020-04-04','Wano Kingdom','234321','0000-00-00'),(991,991,90.9,'2020-12-15','Apocalyptic Place','PC1','2030-01-01'),(1000,1000,92.3,'2023-02-11','Alliance Computing Solutions, New York City','N/A','2028-11-19'),(1101,11111,90.5,'2021-05-25','BGC Makati','Htps - 109021','2030-01-25'),(1202,37,3,'2022-09-01','World Trade Center','D1120175','2027-09-01'),(1214,1214,96,'2023-05-10','USA','DN8735','2028-01-10'),(1818,1818,1,'2021-09-01','Robinson Palawan','DESIGNX456','2027-09-01'),(2121,2121,100,'2023-05-05','Wakanda State University','WKND2121','2040-12-29'),(2309,2309,89,'2026-02-10','Stanford University','CCIE-2026-12345','2031-02-10'),(4420,619,69,'2023-01-01','Northern Summit Exam Center','NSEC4200','2032-01-01'),(4712,777,85,'2023-11-24','canada exam center','REL1234567890','2029-06-24'),(4712,888,1,'2023-08-03','Coliseum','N/A','2025-08-17'),(6789,2023,99.9,'2023-11-11','Pac Palawan','N/A','2090-11-11'),(7654,455,10,'2022-10-18','De La Salle University','AE-0018XD','2052-12-31'),(8222,822,99.9,'2023-11-11','Tokyo','N/A','2027-11-01'),(8764,8764,1,'2023-07-01','Software Park Thailand','SP123-456-789','2024-12-31'),(9080,29,98.5,'2020-12-15','IT BLDG','ABCDE54321','2030-12-15'),(9999,9999,1,'2023-09-01','Google Testing Center','GOOGLE123','2026-09-01'),(12345,12345,95,'2022-09-02','Palawan State University','JGC12345','2077-03-23'),(14369,14369,99.8,'2023-08-08','Arlington Plaza','LBJ-23-6','2050-05-29'),(20203,20203,100,'2023-11-22','Mirage','p0g14k0','2000-11-11'),(55555,55555,87.7,'2022-12-24','UP','Lic0123','2025-05-15'),(69120,69001,94.6,'2023-04-02','QuantumSync TechMaster Certification','QTM-AGE-2023-5678','2027-07-07'),(70121,9090,90,'2023-06-07','Equilibrium Center','N/A','2028-08-08'),(76448,76444,1,'2023-11-11','Google AWS Testing Center','GOOGLE146563','2026-11-01'),(76500,90001,95,'2021-10-11','TechCert Exam Center','TC-2023-EXM-001','2027-07-12'),(76501,90002,99.9,'2021-02-01','Palawan State University','123412323','2030-01-01'),(90448,90444,1,'2023-11-11','Cisco AWS Testing Center','GOOGLE148863','2028-11-01'),(90809,9082122,1,'2022-12-01','Madison Garden,Boston','kobe1234','2050-01-01'),(134811,134811,95,'2023-03-28','University of Manila','13M48-1011','2033-03-28'),(200021,200021,93.6,'2020-01-24','Batangas State University','123a-456b-23','2025-01-24'),(202080,202080,97.8,'2021-10-12','Palawan State University','123653433','2040-03-10'),(202081,202081,99.9,'2021-03-25','Robinsons Place Palawan','000ABC111','3000-01-01'),(246810,246810,89.9,'2021-10-15','Manila Test Center','MTC12345','2027-08-30'),(1170136,1170131,92,'2022-04-21','SL Society','SQCP0004','2099-12-30'),(1300009,913,91.2,'2021-06-10','Tokyo, Japan','530037','2030-06-10'),(20182050,201880036,999.9,'2050-02-23','Bakers Hill','5700','2024-03-04'),(201980339,201980339,85.6,'0000-00-00','Online','','0000-00-00'),(202080044,202080044,99.9,'2022-10-12','SM Puerto Princesa','IT101-234','2032-10-12'),(202080457,202080457,90.1,'2023-11-26','Philippine Arena','MTC2','1001-01-10'),(202080473,202080473,90,'2023-11-28','SM Palawan','114628208308','2030-11-28'),(202080476,202080476,93.5,'2023-10-25','Palawan State University','2254785fhr','2030-12-01'),(202143150,202143145,90,'2024-12-26','Robinson Place Palawan','ADB 202143143','4000-02-02'),(202180012,202180012,100,'2023-11-25','PalawanSU IMC','XYZ-2023-ABC-5678','2099-01-01'),(202180032,202180032,100.1,'2000-12-31','SUn','111213141516171819','5000-12-31'),(202180036,202180036,99.9,'2002-10-16','Broken Moon','ABC12346','2002-10-11'),(202180157,202180157,89.5,'0000-00-00','Butterfly Garden','AB1247912','2060-04-07'),(202180343,202180343,100.5,'2023-11-26','Accenture Data Center','A5234202340','2000-04-20'),(202180383,202180383,100,'2021-05-23','Bermuda Triangle','111468080100','2099-12-31'),(202180384,202180383,99.8,'2020-01-01','Summoners Rift','TT-911','2055-12-30'),(2020100612,2020100612,93.5,'2024-03-02','Makati','NUL-03-333','0000-00-00'),(2020111612,81233,94.5,'2023-04-09','Mapua State University','ATS001223','2999-12-30'),(2023112623,202080491,75.5,'2023-11-25','Robinsons Place Palawan','ADB112023','3000-01-01'),(2044372264,2147483647,90.1,'2022-12-23','planet namic','l123456789','0000-00-00');
/*!40000 ALTER TABLE `employees_prof_eligibility` ENABLE KEYS */;
UNLOCK TABLES;

--
-- Table structure for table `employees_relatives`
--

DROP TABLE IF EXISTS `employees_relatives`;
/*!40101 SET @saved_cs_client     = @@character_set_client */;
/*!50503 SET character_set_client = utf8mb4 */;
CREATE TABLE `employees_relatives` (
  `Relatives_idrelatives` int NOT NULL,
  `employees_idemployees` int NOT NULL,
  `relationship` varchar(45) NOT NULL,
  PRIMARY KEY (`Relatives_idrelatives`,`employees_idemployees`),
  KEY `fk_Relatives_has_employees_employees1_idx` (`employees_idemployees`),
  KEY `fk_Relatives_has_employees_Relatives1_idx` (`Relatives_idrelatives`),
  CONSTRAINT `fk_Relatives_has_employees_employees1` FOREIGN KEY (`employees_idemployees`) REFERENCES `employees` (`idemployees`),
  CONSTRAINT `fk_Relatives_has_employees_Relatives1` FOREIGN KEY (`Relatives_idrelatives`) REFERENCES `relatives` (`idrelatives`)
) ENGINE=InnoDB DEFAULT CHARSET=utf8mb4 COLLATE=utf8mb4_0900_ai_ci;
/*!40101 SET character_set_client = @saved_cs_client */;

--
-- Dumping data for table `employees_relatives`
--

LOCK TABLES `employees_relatives` WRITE;
/*!40000 ALTER TABLE `employees_relatives` DISABLE KEYS */;
INSERT INTO `employees_relatives` VALUES (0,0,''),(1,3,'FATHER'),(2,5,'FATHER'),(3,5,'MOTHER'),(4,7,'FATHER'),(5,7,'MOTHER'),(6,6,'FATHER'),(7,8,'FATHER'),(8,8,'MOTHER'),(9,9,'FATHER'),(10,10,'MOTHER'),(11,4,'UNCLE'),(12,11,'Mother'),(13,12,'AUNT'),(14,0,'Father'),(15,0,'Mother'),(16,2,'COUSIN'),(17,17,'FATHER'),(18,17,'MOTHER'),(22,18,'FATHER'),(23,18,'MOTHER'),(24,20,'COUSIN'),(25,19,'GRAND FATHER'),(26,22,'FATHER'),(26,23,'FATHER'),(27,27,'MOTHER'),(28,21,'FATHER'),(29,21,'MOTHER'),(30,26,'FATHER'),(31,25,'FATHER'),(32,27,'FATHER'),(33,32,'FATHER'),(34,32,'MOTHER'),(34,204375,'FATHER'),(36,28,'FATHER'),(37,28,'MOTHER'),(38,33,'FATHER'),(40,38,'MOTHER'),(43,1,'FATHER'),(44,1,'MOTHER'),(45,1,'SPOUSE'),(46,35,'MOTHER'),(47,2020801456,'UNCLE'),(50,123,'FATHER'),(51,123,'MOTHER'),(52,36,'FATHER'),(53,36,'MOTHER'),(55,55,'MOTHER'),(56,55,'FATHER'),(61,62,'MOTHER'),(62,62,'FATHER'),(63,63,'MOTHER'),(64,63,'FATHER'),(69,69,'FATHER'),(70,1830,'MOTHER'),(71,72,'MOTHER'),(72,72,'FATHER'),(73,20202,'MOTHER'),(74,20202,'FATHER'),(80,50,'FATHER'),(85,102,'FATHER'),(86,102,'MOTHER'),(88,88,'MOTHER'),(89,24,'MOTHER'),(90,24,'FATHER'),(91,64,'MOTHER'),(92,64,'FATHER'),(98,98,'Complicated'),(99,99,'MOTHER'),(102,104,'FATHER'),(103,103,'FATHER'),(105,125,'FATHER'),(106,106,'UNCLE'),(111,111,'FATHER'),(112,111,'MOTHER'),(113,202180012,'MOTHER'),(124,124,'FATHER'),(135,132,'MOTHER'),(143,143,'FATHER'),(187,187,'FATHER'),(412,202180186,'FATHER'),(413,202180186,'MOTHER'),(420,420,'FATHER'),(555,51555,'MOTHER'),(666,666,'GRANDMA'),(888,888,'SISTER'),(991,991,'MOTHER'),(999,1000,'MOTHER'),(1000,1000,'FATHER'),(1000,1001,'MOTHER'),(1001,29,'COUSIN'),(1111,11111,'FATHER'),(1202,37,'MOTHER'),(1215,1214,'MOTHER'),(1318,1304,'FATHER'),(1319,1304,'MOTHER'),(1320,37,'FATHER'),(1469,5156,'MOTHER'),(1470,5156,'FATHER'),(1818,1818,'FATHER'),(1819,1818,'MOHTER'),(2310,2309,'FATHER'),(2311,2309,'MOTHER'),(2805,202080491,'STEP-FATHER'),(4321,2023,'ADOPTED SISTER'),(4420,619,'FATHER'),(4444,425,'FATHER'),(4551,455,'MOTHER'),(4552,455,'FATHER'),(8221,822,'FATHER'),(8766,8764,'FATHER'),(8768,8764,'MOHTER'),(9091,9090,'FATHER'),(9998,9999,'FATHER'),(9999,9999,'MOHTER'),(12301,33332,'MOTHER'),(20203,20203,'FATHER'),(47123,777,'MOTHER'),(55555,55555,'FATHER'),(55555,69001,'FATHER'),(69143,14369,'FATHER'),(69144,14369,'MOTHER'),(69145,1814,'FATHER'),(77111,76444,'FATHER'),(77112,76444,'MOTHER'),(77113,81233,'MOTHER'),(77114,90001,'FATHER'),(77115,90002,'FATHER'),(77116,90002,'MOTHER'),(90111,90444,'FATHER'),(90112,90444,'MOTHER'),(90809,9082122,'UNCLE'),(123451,12345,'MOTHER'),(123452,12345,'FATHER'),(130001,913,'PARTNER'),(131148,134811,'MOTHER'),(200021,200021,'FATHER'),(200022,200021,'MOTHER'),(201888,201880066,'FATHER'),(202080,202080,'MOTHER'),(202081,202081,'MOTHER'),(202082,202081,'FATHER'),(210021,2121,'FATHER'),(210121,2121,'MOTHER'),(246810,246810,'FATHER'),(481311,134811,'FATHER'),(1170137,1170131,'SPOUSE'),(2012098,202180249,'MOTHER'),(10201810,201880036,'STEPSIS'),(202080035,202080035,'FATHER'),(202080044,202080044,'FATHER'),(202080045,202080044,'MOTHER'),(202080160,202080160,'MOTHER'),(202080457,202080457,'FATHER'),(202080473,202080473,'MOTHER'),(202080476,202080476,'MOTHER'),(202143151,202143145,'MOTHER'),(202180032,202180032,'MOTHER'),(202180036,202180036,'MOTHER'),(202180157,202180157,'FATHER'),(202180210,202180210,'MOTHER'),(202180343,202180343,'FATHER'),(202180383,202180383,'FATHER'),(202180384,202180383,'MOTHER'),(202180385,202180384,'FATHER'),(202180386,202180384,'MOTHER'),(2020100612,2020100612,'FATHER'),(2020801712,2020801710,'MOTHER'),(2020804971,202080497,'FATHER'),(2020804972,202080497,'MOTHER'),(2021100007,2021100007,'FATHER'),(2021803620,202180362,'FATHER'),(2021803621,202180362,'MOTHER'),(2034164737,2147483647,'MOTHER');
/*!40000 ALTER TABLE `employees_relatives` ENABLE KEYS */;
UNLOCK TABLES;

--
-- Table structure for table `employees_unitassignments`
--

DROP TABLE IF EXISTS `employees_unitassignments`;
/*!40101 SET @saved_cs_client     = @@character_set_client */;
/*!50503 SET character_set_client = utf8mb4 */;
CREATE TABLE `employees_unitassignments` (
  `employees_idemployees` int NOT NULL,
  `departments_iddepartments` int NOT NULL,
  `transfer_date` date NOT NULL,
  PRIMARY KEY (`employees_idemployees`,`departments_iddepartments`),
  KEY `fk_employees_has_departments_departments1_idx` (`departments_iddepartments`),
  KEY `fk_employees_has_departments_employees1_idx` (`employees_idemployees`),
  CONSTRAINT `fk_employees_has_departments_departments1` FOREIGN KEY (`departments_iddepartments`) REFERENCES `departments` (`iddepartments`),
  CONSTRAINT `fk_employees_has_departments_employees1` FOREIGN KEY (`employees_idemployees`) REFERENCES `employees` (`idemployees`)
) ENGINE=InnoDB DEFAULT CHARSET=utf8mb4 COLLATE=utf8mb4_0900_ai_ci;
/*!40101 SET character_set_client = @saved_cs_client */;

--
-- Dumping data for table `employees_unitassignments`
--

LOCK TABLES `employees_unitassignments` WRITE;
/*!40000 ALTER TABLE `employees_unitassignments` DISABLE KEYS */;
INSERT INTO `employees_unitassignments` VALUES (0,37,'2000-04-20'),(1,33,'2023-11-25'),(2,2,'2000-01-01'),(3,1,'0000-00-00'),(4,9,'2022-06-09'),(5,4,'2020-05-10'),(6,5,'2023-11-20'),(7,3,'2021-08-12'),(8,16,'2021-03-24'),(9,6,'2023-10-23'),(10,8,'2025-01-01'),(11,10,'2026-06-30'),(12,19,'2022-11-12'),(13,11,'2022-02-01'),(17,15,'2023-05-21'),(18,10,'2023-06-06'),(19,7,'2025-06-09'),(20,18,'2023-11-12'),(21,20,'2024-12-30'),(23,23,'2024-12-01'),(24,105,'2023-04-12'),(25,21,'2024-03-05'),(26,22,'2025-05-09'),(27,27,'2023-01-02'),(28,30,'2023-10-10'),(29,9080,'2021-12-15'),(32,25,'2022-12-25'),(33,34,'2023-01-01'),(36,31,'2022-01-01'),(37,1202,'2023-01-21'),(38,36,'2023-05-20'),(50,51,'2022-04-23'),(55,555,'2023-11-11'),(62,62,'2026-12-22'),(63,63,'2025-12-18'),(69,69,'2023-09-01'),(88,88,'2023-01-01'),(98,98,'2022-08-23'),(99,99,'2023-01-01'),(102,35,'2023-12-12'),(103,103,'2022-10-02'),(104,104,'2023-12-12'),(106,106,'2025-01-01'),(111,3,'2022-12-12'),(111,111,'2022-11-11'),(123,50,'2023-06-01'),(124,124,'2023-12-02'),(125,75,'2021-01-23'),(132,3232312,'2023-09-01'),(143,143,'2023-05-20'),(187,187,'2023-11-11'),(420,420,'2023-11-24'),(425,9999,'2023-10-01'),(455,2558,'2023-03-07'),(619,4420,'2023-01-01'),(666,666,'2024-04-04'),(777,471234,'2023-11-29'),(822,82212,'2023-12-01'),(888,1214,'2023-08-03'),(913,913,'2021-09-12'),(991,991,'2023-11-11'),(1000,1000,'2022-04-23'),(1001,1001,'2021-07-07'),(1214,1214,'2023-07-23'),(1304,1312,'2021-08-16'),(1818,1818,'2023-11-11'),(1830,70,'2025-09-08'),(2023,989,'2025-12-12'),(2121,2121,'2022-06-08'),(2309,2309,'2027-05-25'),(5156,101,'2023-06-15'),(8764,30,'2023-12-18'),(9999,9999,'2023-10-01'),(11111,1011,'2023-04-12'),(12345,12345,'2022-11-01'),(14369,14369,'2023-08-09'),(20202,71,'2022-08-30'),(20203,20203,'2023-12-22'),(51555,55,'2003-03-03'),(55555,55555,'2021-10-02'),(69001,6969696,'2024-02-10'),(76444,76447,'2023-12-01'),(81233,2021100011,'2023-02-14'),(90001,8888888,'2023-06-11'),(90002,8888889,'2022-12-25'),(90444,90447,'2023-12-01'),(134811,134811,'2025-01-14'),(200021,200021,'2021-07-07'),(202080,202080,'2022-06-24'),(202081,202081,'2022-11-26'),(246810,246810,'2023-11-20'),(1170131,1170133,'2022-04-21'),(9082122,90809,'2023-01-01'),(201880036,2018123456,'2025-11-10'),(201880066,201880067,'2020-11-11'),(201980339,201980339,'0000-00-00'),(202080044,202080044,'2020-11-25'),(202080457,202080457,'2023-11-26'),(202080473,202080473,'2023-11-28'),(202080476,202080476,'2023-08-25'),(202080491,20231127,'2023-05-28'),(202143145,202143144,'2023-12-29'),(202180012,112,'2022-08-24'),(202180032,31,'2010-10-20'),(202180036,2180036,'2002-10-16'),(202180157,202180157,'2023-12-04'),(202180186,407,'2024-01-01'),(202180383,202180383,'2023-11-26'),(202180384,202180384,'2022-12-25'),(2020100612,2020100612,'2022-12-09'),(2020801456,47,'2023-10-28'),(2147483647,2021103455,'2022-12-08');
/*!40000 ALTER TABLE `employees_unitassignments` ENABLE KEYS */;
UNLOCK TABLES;

--
-- Table structure for table `institutions`
--

DROP TABLE IF EXISTS `institutions`;
/*!40101 SET @saved_cs_client     = @@character_set_client */;
/*!50503 SET character_set_client = utf8mb4 */;
CREATE TABLE `institutions` (
  `idinstitutions` int NOT NULL,
  `institution_name` varchar(100) NOT NULL,
  PRIMARY KEY (`idinstitutions`)
) ENGINE=InnoDB DEFAULT CHARSET=utf8mb4 COLLATE=utf8mb4_0900_ai_ci;
/*!40101 SET character_set_client = @saved_cs_client */;

--
-- Dumping data for table `institutions`
--

LOCK TABLES `institutions` WRITE;
/*!40000 ALTER TABLE `institutions` DISABLE KEYS */;
INSERT INTO `institutions` VALUES (0,'Lyceum of the Philippines University'),(1,'Stellar Academy'),(2,'Palawan State University'),(3,'Palawan National School'),(4,'East Central School'),(5,'Palawan Polytechnic College Inc.'),(6,'Eastwide Masters High School'),(7,'Eastwide Masters High School'),(8,'Southbound Monstar School'),(9,'Beijing University'),(10,'Ateneo de Manila University'),(11,'Palawan State University'),(12,'Harvard University'),(13,'Aborlan Elementary School'),(14,'Aborlan National High School'),(15,'Western Philippines University'),(16,'Center for Positive Future'),(17,'Atene de Manila University'),(19,'National University'),(20,'Palawan State University'),(21,'North Ford'),(22,'Hell University'),(23,'National Administrative Systems Authority'),(24,'Pangasinan State University-Open University'),(25,'Manuel Autria Memorial Elementary School'),(26,'Roxas National Comprehensive High School'),(27,'Home Schooled'),(28,'Andres Soriano Memorial Elementary School'),(29,'Governor Alfredo Abueg Sr. National High School'),(30,'West Ford'),(31,'Seoul National University'),(32,'University of the Philippines'),(33,'University Sa Tiniguiban'),(34,'Chodeung Hakgyo'),(35,'Daegu International School'),(36,'Karasuno High School'),(37,'Massachusetts Institute of Technology'),(38,'Stark Industries'),(39,'The big bang institution'),(40,'Nagaoka University of Technology'),(41,'Hero Academy'),(42,'Oracle National University'),(43,'Oracle Academy'),(44,'Stanford University'),(45,'Holy Glory State University'),(46,'Francisco University'),(47,'Queen’s University, Kingston'),(48,'Mindanao State University'),(49,'Institute of Geographic Information System'),(50,'Computer Studies College'),(51,'University of Cambridge'),(52,'Technical University of Munich'),(53,'University College London'),(55,'Bataan State University'),(60,'RYI Science Academy'),(62,'Baltan Academy'),(63,'Suzuran Academy'),(64,'Massachusetts Institute of Technology'),(69,'TechMinds Academy'),(70,'Mexio London University'),(71,'Phantom University'),(72,'Young God University'),(73,'Ateneo de Manila University'),(88,'Technology University'),(96,'Something Academy'),(98,'Harvard University'),(99,'Mababang Paaralan ng Palawan'),(100,'Mataas na Paaralan ng Palawan'),(101,'Unibersidad ng Palawan'),(102,'Lyceum of the Philippines University'),(103,'Innovatech Institute of Technology'),(104,'Princeton University'),(106,'Institute of Imaginative Technologies (IIT)'),(109,'Holy Trinity University'),(111,'Higher Elementary School'),(112,'Middle Junior High School'),(113,'Lower Senior High School'),(114,'Yorozuya Academy'),(124,'CyberGuard Institute '),(125,'Quantum Data Science Institute'),(126,'Tokyo Institute of Technology'),(143,'Western Philippines University'),(187,'PSU-PCAT'),(202,'Mauricio Elementary School'),(245,'Siam Technological University'),(321,'University of Computer Science and Technology'),(322,'Tech Training Institute'),(323,'IT Project Management College'),(333,'Cuyo Isle Institute'),(345,'Baguio State University'),(347,'Eden Academy'),(401,'California Institute of Technology'),(402,'CORAL Elementary School'),(403,'CORAL Academy'),(404,'Federal Bureau of Investigation'),(420,'Hev Abi University'),(450,'Quantum SyncTech Institute'),(451,'Equilibrium Institute'),(452,'Harvard University'),(453,'Massachusetts Institute of Technology '),(456,'Wakanda University'),(555,'Serrano Elementary School'),(556,'Canumay West National High School'),(666,'Bayag National High School'),(913,'Akita University of Art'),(991,'University of Immortals'),(1000,'University of Oxford'),(1001,'Tesla University'),(1129,'Mapua University'),(1205,'STARK UNIVERSITY'),(1312,'Koudo Ikusei College'),(1818,'Digital Design Institute'),(2121,'Superhero University'),(2307,'Holy Trinity College'),(2308,'Holy Trinity University'),(2309,'University of Oxford'),(4420,'Cannabeast University'),(5211,'Occidental Mindoro State University'),(5555,'Masbate State University'),(12345,'Palawan State University'),(33332,'Mariano Marcos State University-Main'),(55555,'Bachelor of Science in Computer Science'),(75300,'Schoolastica College'),(76449,'Cosmic Synx Horizon Institute'),(76450,'Cosmic HS Horizon Institute'),(76451,'Cosmic College Horizon Institute'),(76452,'Palawan State University'),(76453,'Wakanda University'),(76454,'Georgia Institute of Technology'),(90197,'School of Performing Arts Seoul'),(90449,'Athens Elementary Institute'),(90450,'Athens SHS Institute'),(90451,'Athens College  Institute'),(90809,'Duke University'),(110022,'Northeastern University'),(128753,'University of Chicago'),(134811,'University of Manila'),(200021,'Malabon I.T Developers'),(202080,'Palawan  State of University'),(202081,'Imong-Mama University'),(246810,'De La Salle University'),(1542168,'El Nido National School'),(2018711,'Oden Sama State University'),(10262023,'Asian Institute of Computer Studies'),(20182018,'University of Son Guko'),(20231129,'Quezon State University'),(201980339,'Bio Informatics Institution'),(201980356,'Palawan State University'),(202080016,'Seoul National University'),(202080035,'Cavite State University'),(202080044,'QuantumTech Institute'),(202080061,'German European School Manila'),(202080089,'Hogwarts National School'),(202080095,'Love Me State UNIVERSITY'),(202080135,'Kyoto University'),(202080160,'Nagoya Institute of Technology'),(202080457,'Palawan College'),(202080463,'National University of Singapore'),(202080473,'Seoul National University'),(202080476,'University of San Agustin'),(202080497,'University of the Cordilleras'),(202110033,'Palawan high school'),(202143147,'Palawan State University'),(202180032,'Batman University'),(202180036,'Palawn SU'),(202180157,'Palawan State University'),(202180208,'BugaBuga State University'),(202180210,'AMA Computer University'),(202180249,'Universidad de Paris V Descartes'),(202180343,'Sto Thomas University Manila'),(202180362,'University degli Studi Luminosi'),(202180383,'Roxas National Comprehensive High School'),(202180384,'Kansas State University'),(314159265,'PI School of Mathematics amd Technology'),(2020100612,'JS LESLEY UNIVERSITY'),(2020800380,'Palawan State University'),(2020800411,'Mapua State University'),(2020801710,'JJK Perpetual National High School'),(2021100007,'Notre Dame University'),(2023200101,'Palawan National School');
/*!40000 ALTER TABLE `institutions` ENABLE KEYS */;
UNLOCK TABLES;

--
-- Table structure for table `job_positions`
--

DROP TABLE IF EXISTS `job_positions`;
/*!40101 SET @saved_cs_client     = @@character_set_client */;
/*!50503 SET character_set_client = utf8mb4 */;
CREATE TABLE `job_positions` (
  `idjob_positions` int NOT NULL,
  `job_category` varchar(45) NOT NULL,
  `Job_description` varchar(500) NOT NULL,
  PRIMARY KEY (`idjob_positions`)
) ENGINE=InnoDB DEFAULT CHARSET=utf8mb4 COLLATE=utf8mb4_0900_ai_ci;
/*!40101 SET character_set_client = @saved_cs_client */;

--
-- Dumping data for table `job_positions`
--

LOCK TABLES `job_positions` WRITE;
/*!40000 ALTER TABLE `job_positions` DISABLE KEYS */;
INSERT INTO `job_positions` VALUES (0,'Information Technology Officer I','Manage the day-to-day provision of ICT servic'),(1,'Sustainability Analyst','A Sustainability Analyst plays a pivotal role'),(2,'Cyber Crime Detectives','Support in the field with investigative units'),(3,'Database Administrator','Manages and maintains databases used by gover'),(4,'UI/UX Designer','A UI UX designer is a professional who identi'),(5,'Frontend Developer','Is someone who creates websites and web appli'),(6,'Software Developer','use programming and design knowledge to build'),(7,'Back-end Developer','Is responsible for server-side web applicatio'),(8,'IT Specialist','Provide technical support and assistance to u'),(9,'Data Privacy Compiance Officer','to provide rigid compliance with all relevant'),(10,'IT Project Manager','Manages and oversees IT projects from initiat'),(11,'3D Graphics Developer','A 3D graphics developer uses specialized know'),(12,'N/A','N/A'),(13,'Cybersecurity Associate','Protects system by defining access privileges'),(14,'Data and Analytics Associate','Extracting data using special tools and softw'),(15,'Data Entry Analyst','Developing computer databases, improving proc'),(16,'IT Auditor','Assesses and evaluates the effectiveness of a'),(17,'Network Admnistrator','Manages network activity and network infrastr'),(18,'Cloud Engineer','Builds and maintains cloud infrastructure'),(19,'Software Configuration Analyst','Provide consulting services, technology confi'),(20,'UI/UX Designer','User interface design or user interface engin'),(21,'Network Engineer','Designing and implementing new network soluti'),(22,'IT Specialist','analyze, test,troubleshoot and evaluate exist'),(23,'Cyber Security','Cybersecurity involves the protection of comp'),(24,'Administrive Officer','responsible for providing administrative supp'),(25,'Junior Programmer','responsible for design, implementation, and m'),(26,'Information Security Analyst','Monitor their organization\'s networks for sec'),(27,'Support Specialist',' Responsible for reviewing and solving comput'),(28,'Anime Animator','An animator produces multiple images called f'),(29,'Senior IT Test Analyst',' review and maintain testing standards and do'),(31,'Data Scientist/Analyst','Collects, processes, analyzes, and interprets'),(32,'IT Change Management Analyst',' Coordinates and implements changes to IT sys'),(33,'Geomatic Technician','Collect geospatial data using imagery and Glo'),(34,'IT support specialist','analyzing, troubleshooting and evaluating tec'),(35,'Forensic computer analyst','investigate a range of crimes where the compu'),(36,'Security Operations Center (SOC) Analyst','As a SOC Analyst, you\'ll play a pivotal role in safeguarding our organization\'s digital assets and infrastructure. You\'ll monitor, analyze, and respond to security incidents, ensuring the integrity, confidentiality, and availability of our systems and data.'),(38,'Multimedia Specialist','Responsible for creates and refines visual content across various digital mediums, such as graphics, videos, and animations. They blend technical skills with creative expertise to produce compelling designs, edit videos, manipulate images, and manage multimedia projects from start to finish.'),(40,'Cloud Solutions Architect','Design and implement scalable and secure clou'),(50,'Information Security','Implements and enforces security policies and'),(51,'Bio-medical Imaging','Intern'),(52,'',''),(55,'Business Intelligence Analyst','Gather and analyze business data to provide i'),(62,'Storage Administrator','Coordinator of storage management for the ent'),(63,'System Administrator','IT infrastructure, ensuring system operation.'),(64,'Chief information officer (CIO)','The CIO manages relationships with internal c'),(69,'Systems Analyst','Analyzes the organization\'s computer systems '),(70,'Mechanical Developer','Engine Maintenance '),(71,'UI/UX Designer','UI UX designers create the user interface for an app, website, or other interactive media. '),(88,'CEO FullStack Developer','Expert in all aspects of programming '),(98,'Web Developer','A Web Developer is a professional responsible'),(99,'Telecommunications Specialist','Design, implement, and manage the organizatio'),(100,'Geographic Information System (GIS) Specialis',' designs, develops, and implements systems an'),(101,'Senior Architect','Experienced Senior Architect Leader'),(102,'IT instructor',' teach students about the principles of techn'),(103,'Data Science and Analytics','Turning raw information into golden insights '),(106,'Cloud Architect','As a Cloud Architect, you will design and imp'),(107,'IT Support Analyst','IT support analysts are responsible for provi'),(111,'Website Developer','a professional who is responsible for the des'),(112,'Web Administrator','A web administrator sets up an organization\'s'),(123,'Information Technology Officer III','managing systems, networks, software implemen'),(124,'Cybersecurity Analyst','Safeguarding digital assets through vigilance'),(132,'Data Analyst','The process of cleaning, analysing, interpret'),(133,'Cyber Threat Intelligence Analyst','A Cyber Threat Intelligence Analyst is a security professional who monitors and analyzes external cyber threat data to provide actionable intelligence. They analyze security incidents collected from different threat intelligence sources and study the pattern of attacks, their methodology, motive, severity, and threat landscape.'),(143,'Game Tester','Games tester tests computer games at the deve'),(187,'System Security Speciaist','Carry out risk analysis and assessments as we'),(234,'IT Specialists','Network Config'),(301,'Penetration Tester','Designs and plans simulations and security as'),(321,'Software Development','Software Engineer'),(322,'Database Management','Database Administrator'),(323,'Network Administration','Network Engineer'),(420,'Full Stack Developer','Strong understanding of back-end development '),(456,'Software Engineering','Develop and maintain software applications'),(472,'Database Administrator','performance, integrity, and security of our c'),(555,'Web Designer','Responsible for designing websites'),(666,'Data Entry Anal yst','Interpret information in company\'s database'),(707,'game developer','Develop games and design graphics'),(991,'Computer Expert','checks computer dusts'),(1000,'Network Engineer','Responsible for designing, maintaining networ'),(1001,'Information Systems Analyst','study an organization\'s current computer systems and design ways to improve efficiency. Database administrators and architects create or organize systems to store and secure data.'),(1005,'Data Scientist','Analyzes data and forms an insight'),(1129,'Cloud Security Engineer','cloud security engineers are responsible for '),(1214,'Support Specialist','Computer support'),(1818,'UI Graphic Desginer','Create and enhance visual interfaces'),(2121,'Computer Operator','In charge of running computer operations and '),(2309,'IT Auditor','Assesses and verifies the effectiveness of an'),(2321,'Government Relations - Philippines','The Government Relations Program Officer will report to the Head of Compliance and Government Relations for Xendit Philippines in ensuring that Xendit is well-positioned to engage in policy discussions that impact Xendit and its businesses. The role also requires cultivating and maintaining relationships with government units/agencies for business opportunities and partnerships.'),(2580,'Senior DevOps Engineer','Set up and maintain monitoring solutions'),(4420,'Ethical Hacker','Identifying and exploiting vulnerabilities'),(4567,'Team Leader','Assume control - ensure safety of personnel a'),(6234,'Monitoring and Evaluation Specialists','Design, develop and implement strategies'),(8224,'Software Development Engineer','Manages and maintain an organizations compute'),(8700,'Tech Support','refers to a range services companies provide to their customers for products such as software, mobile phones, printers, and other electronic, mechanical or electromechanical products. Technical support services usually provide users with help in solving some common problems rather than providing training on how to use the product.'),(9999,'Software Engineer','Develop and maintain software applications'),(12345,'Data Quality Manager','Data quality managers work with every departm'),(14369,'CSC Information Systems Researcher II','As a CSC Information Systems Researcher II, y'),(20019,'System Administrator','Manages and maintain an organizations compute'),(20203,'Game Dev','Developing Random Games'),(21461,'IT Officer','Responsible for managing and maintaining the '),(23456,'Software Engineer','Develop system applications'),(33332,'Infrormation Technology Officer l','provides technical support to the Division Ma'),(55555,'Painter','Knowledgeable in selecting the right material'),(63472,'BugaBuga Developer','A developer'),(69120,'Game Engine Programmer','Game Engine Programmer create and optimize co'),(75300,'Chief Information Officer','senior IT management job title responsible fo'),(76445,'DevOps Engineering','Bridges the gap between software engineer.'),(90445,'GameDevz Engineer','Creates code for games.'),(90809,'Professional basketball player','Paid athlete who plays basketball'),(117013,'Augmented Reality Developer','Create technologies to overlay computer-gener'),(134811,'Web Developer','Create Website'),(200021,'Front-End Web Dev. specialize javascript','Javascript specialist Front-End web dev for a'),(201869,'Graphic Designer','Design and Web Developer'),(202080,'Computer Network Architects','could be tasked with upgrading a company\'s ro'),(202081,'IT Help Desk Technician','responsible in utilizing their exceptional wr'),(202126,'Graphic Designer','create visual communications such as adverts,'),(246810,'Systems Administrator','Sysadmins are responsible for ensuring the up'),(303040,'Software Dev','use programming and design knowledge to build'),(313453,'Cloud/software developer','responsible for developing, deploying, and ma'),(555555,'IT Risk Analyst','Responsible in analyzing threats and vulnerab'),(2010021,'IT Officer III','Supervises and provides technical leadership '),(4664334,'IT Trainer','Provides training to individuals or groups on IT systems, software, or best practices.'),(10262023,'Computer Technician','A Computer Technician is a professional who is tasked with maintaining computer systems, troubleshooting errors, and repairing the organization\'s hardware.'),(12121212,'Software Development Engineer','A Software Development Engineer is responsibl'),(20231128,'Back End  Developer','specialize in server-side programming, databa'),(22002200,'Back-end Developer','is responsible for server-side web applicatio'),(90000013,'Animator','creates multiple images (known as frames), which give an illusion of movement called animation'),(201880068,'Drinker','Drunken Master'),(202080016,'Product Designer','Responsible for design interface of an app or'),(202080027,'UI/UX Designer','Producing designs for advertisements, brochures, logos, websites, social media graphics, product packaging, and other promotional materials.'),(202080035,'Front-End Developer','computer programmers who design and optimize '),(202080036,'Audit Associate','Handle and analyse data and information'),(202080044,'Cybersecurity Incident Responder','Forefront for defending organization against '),(202080061,'Web Designer','Testing, design and layout website and Testin'),(202080093,'Valoran Pro Player ','Gamer '),(202080095,'QA Engineer ','QA engineers find and fix bugs before releasing the program out into the world.'),(202080135,'Roblox Game Developer','Collaborating with developers and team member'),(202080160,'Digital Forensics Analyst','Analyzes digital evidence and investigates co'),(202080457,'Applications Engineer','An application engineer is a liaison between engineers and customers. They review customer sales data and assist in producing and testing complex software programs. They also present engineers\' findings to the public to render feedback on changes that need to be made.'),(202080463,'Computatational Scientist','collaborates with research faculty and other '),(202080473,'Java Software Engineer','Designing and developing software application'),(202080476,'Network Architect','implementing complex network infrastracture'),(202080497,'Azure Cloud Solutions Developer','designing, building, and maintaining a middleware integration service using Azure Logic Apps, Azure API Management, and Microsoft Integration Services'),(202143155,'WebPaul Designer','create realistic design 3D dimension '),(202180032,'ITECH/ITHEAD','ITECH could be responsible for providing technical support, troubleshooting hardware and software issues, and assisting with the implementation and maintenance of IT systems within an organization.'),(202180036,'Software Engineer','Developing software applications'),(202180157,'IT Director','Create Plans, Design and develop software'),(202180186,'IT Policy and Planning Specialist','Develop and implement IT policies in government agencies, integrating insights to enhance user compliance and satisfaction and increase policy effectivity.'),(202180210,'IT Security Specialist','Build and maintain digital protective measure'),(202180249,'IT Technician','Install, troubleshoot, and fix the hardware a'),(202180264,'Graphic Designer','create visual communications such as adverts,'),(202180343,'Full Stack Software Engineer','Plan, Design and Develop software from front '),(202180362,'Digital Guardian Sentinel Engineer',' Digital Guardian Sentinel Engineer is on the frontlines, defending the digital realm from cyber threats. The responsibilities include anticipating and neutralizing potential attacks, collaborating with the tech team to implement cutting-edge protective measures, and being the keeper of security protocols. The mission is to safeguard the digital kingdom from the shadows lurking in the digital ether.'),(202180383,'Technical Specialist','Responsible for performing technical related '),(202180384,'Health IT Specialis','Works within government healthcare agencies'),(2019803556,' INFORMATION TECHNOLOGY OFFICER I','Provide technical support and troubleshoot issues.'),(2020100612,'Software Tester','act of examining the artifacts and the behavi'),(2020800180,'Risk Assurance Information Technology Trainee','support our core business functions'),(2020800881,'Cybersecurity Associate','Handle, manipulate and analyse data and infor'),(2020801710,'Video Game Developer','They conceptualize and develop characters, plot and design a video game '),(2021100007,'Web Developer','Front end Web Developer'),(2023201101,'IT Director','Design and implements IT strategies and infra'),(2032384348,'Penetration Tester','vulnirabilty analysis'),(2147483647,'Graphic Designer','create visual communications such as adverts,');
/*!40000 ALTER TABLE `job_positions` ENABLE KEYS */;
UNLOCK TABLES;

--
-- Table structure for table `professional_exams`
--

DROP TABLE IF EXISTS `professional_exams`;
/*!40101 SET @saved_cs_client     = @@character_set_client */;
/*!50503 SET character_set_client = utf8mb4 */;
CREATE TABLE `professional_exams` (
  `idprofessional_exams` int NOT NULL,
  `Exam_description` varchar(100) NOT NULL,
  PRIMARY KEY (`idprofessional_exams`)
) ENGINE=InnoDB DEFAULT CHARSET=utf8mb4 COLLATE=utf8mb4_0900_ai_ci;
/*!40101 SET character_set_client = @saved_cs_client */;

--
-- Dumping data for table `professional_exams`
--

LOCK TABLES `professional_exams` WRITE;
/*!40000 ALTER TABLE `professional_exams` DISABLE KEYS */;
INSERT INTO `professional_exams` VALUES (0,'VMware Certified Design Expert (VCDX)'),(1,'The Certified Cloud Architect (CCA) exam evaluates candidates\' expertise in designing and implementi'),(2,'AWS Certified Solutions Architect – Associate Exam: This exam certifies technical expertise in desig'),(3,'Google Cloud Digital Leader'),(4,'Certified Ethical Hacker (CEH)'),(5,'Professional Civil Service Exam'),(6,'Professional Scrum Master (PSM)'),(7,'Certified Coding Specialist (CCS)'),(8,'Project Manager Examination'),(9,'AWS Certified Machine Learning - Specialty'),(10,'Oracle Certified Java Developer '),(11,'GIAC Certified Intrusion Analyst Certification (GCIA)'),(12,'Professional Examination for IT analyst'),(13,'Meta Front-End Developer Professional'),(14,'AWS Certified DevOps Engineer'),(15,'Microsoft Certified: Azure Fundamentals'),(16,'Certified Information Systems Auditor'),(17,'Computer Proficiency Exam (CPE)'),(18,'The Google Cloud certification exam'),(19,'Cisco Certified Network Professional'),(20,'Certified Data Analyst '),(21,'CS50: Introduction to Computer Science'),(22,'Certified User Experience Analyst (CXA)'),(23,'Certified Database Management System Analyst(CDMSA)'),(24,'Cisco Certified Network Associate(CCNA)'),(25,'Artificial Intelligence'),(26,'Artificial Intelligence Licensure Exam'),(27,'CompTIA Network+'),(28,'Certified Information Systems Security Professional (CISSP)'),(29,'Oracle Database SQL Certified Associate Certification'),(30,'Offensive Security Certified Professional (OSCP, also known as OffSec Certified Professional) is an '),(31,'Information Technology Professional Examination Council (ITPEC)'),(32,'Amazon Web Services (AWS) Certified Developer'),(33,'Adobe Certified Professional in Visual Effects & Motion Graphics Using Adobe After Effects'),(34,'CIW Advanced HTML5 & CSS3 Specialist'),(35,'Advanced Machine Learning Practitioner Exam'),(36,'Senior Certificate with matriculation equivalent qualification with C symbols for higher grade for e'),(40,'Amazon Web Services (AWS) Cloud Practitioner'),(47,'Consumer Electronics Servicing NC II'),(50,'Certified Government Financial Manager (CGFM)'),(55,'Threats & Vulnerabiliites'),(60,'Certified Cloud Architect (CCA)'),(62,'Microsoft Certified Solutions Associate: Windows Server 2016 - skills to manage Windows Server 2016.'),(63,'Microsoft Certified Solutions Associate: Windows Server 2016 - skills to manage Windows Server 2016.'),(64,'Information Security Exam'),(69,'Certified IT Professional (CITP) Exam'),(70,'Certified Ethical Hacker (Cehs)'),(71,'Information Systems Audit and Control Association (ISACA) Certified Information Systems Auditor (CIS'),(72,'Certified in Risk and Information Systems Control (CRISC)'),(88,'BingTech: Expertise in Programming'),(98,'Civil Service Exam'),(99,'Information Technology Examination: An IT literacy tests for web developers.'),(100,'the Certitification of Geographic Information System  (GIS)Specialist '),(101,'Google IT Support Professional Certificate'),(102,'Master\'s in Information Technology'),(103,'CyberLogic Mastery Assessment'),(104,'Oracle Certified Professional (OCP)'),(106,'Cybersecurity Fundamentals'),(110,'Google IT Support Professional Certificate'),(111,'International Web Development Exam'),(122,'CIPP Certification'),(124,'CompTIA Security'),(132,'Data Analysis Professional'),(143,'ISACA Certified Information Security Manager (CISM)'),(187,'AMCAT'),(321,'Cisco Certified Network Associate (CCNA)'),(322,'CompTIA A+'),(323,'Certified Information Systems Security Professional (CISSP)'),(410,'Project Management Professional (PMP)'),(411,'Certified Information Security Manager (CISM)'),(421,'Microsoft Certified: Azure Developer Associate'),(555,'Web Designing Professional Exam'),(666,'Google Data Analytics Professional Certification'),(711,'Fighting Kaido'),(966,'Valorant Exam'),(991,'Tambay Service Examination'),(1000,'Goggle Cloud Platform (GCP) Certificate'),(1001,'NAT'),(1101,'Certified UI/UX Designer'),(1129,'AWS Certified Security'),(1202,'Python Data Analysis Certification'),(1214,'Certified Information System Securety Professinal(CISSP)'),(1313,'Certified IT Support Professional Exam'),(1317,'International Carriers Special Certificate(ICSC)'),(1818,'UI Design Skills Exam'),(2121,'Vibranium Technology Exam'),(2309,'CCIE Data Center Certification'),(4420,'Red Hat Certified Engineer'),(4712,'IT Professional Certification'),(6672,'Certified Data Professional'),(6789,'DICT Examination For IT'),(7654,'Master the Fundamentals of AI and Machine Learning'),(8222,'Certified Data Analyst '),(8764,'Certified UX/UI Designer'),(9080,'Periodical Exam'),(9999,'Google Professional Developer Certification'),(12345,'Civil Service Professional Exam'),(14369,'IBM IT Support Professional Certificate'),(20203,'Game Testing'),(21312,'Equlibrium of Software Engineer'),(23678,'AWS Certified Developer – Associate'),(33332,'Project Management Professional (PMP)'),(55555,'Civil Service Examination'),(69120,'QuantumSync TechMaster Certification in Advanced Game Engine Development (QTM-AGE)'),(70121,'Equilibrium Computer Networking '),(70122,'CompTIA A+'),(72146,'Certified IT Officer'),(75300,'Information Technologist'),(76448,'CompTIA Certification'),(76500,'TechCert Exam: Data Science Essentials Certification'),(76501,'PRC Geodetic Engineer Board Exam'),(90197,'Topik Test Korean Language'),(90448,'GameVIA Certification'),(90809,'NBA Combine Skill Tests'),(123876,'Oracle Certified Professional Exam '),(134811,'Certified Information System Auditor '),(200021,'Front-End Bootcamp Certification Exam'),(202080,'Cisco networking certification'),(202081,'GIAC Security Essentials'),(246810,'Red Hat System Administrator Certification'),(303040,'Cyber Security Exam'),(1170136,'Integrated AR-HRM Proficiency Exam'),(1300009,'Certified Professional in Digital Art & Animation (CPDAA)'),(20182050,'MLBB Item Guess'),(27462675,'Civil Service Professional Exam'),(201980339,'Free Code Camp Python Data Analysis Certification'),(201980356,'Civil Service Exam'),(202080016,'A way to designing fluency'),(202080027,'Licensure Examination for Teachers - Elementary Level'),(202080035,'Civil Service Exam'),(202080044,'Advanced Threat Landscape'),(202080061,'MU Professional Examination'),(202080081,'Certified Information Systems Security Professional'),(202080095,' DevOps Engineer  '),(202080135,'Roblox Recruitment Exam'),(202080160,'GIAC Certified Forensic Analyst Exam'),(202080457,'Civil Service Exam'),(202080463,'Computational Science Professional Examination '),(202080473,'Civil Service Exam'),(202080476,'Civil Service Exam'),(202080497,'Microsoft Azure Developer Associate Professional Certification'),(202143150,'Cisco Exam'),(202180012,'Computing Technology Proficiency Test (CTPT)'),(202180032,'Final Exam'),(202180036,'Certified Competitive Racer'),(202180157,'Civil Service Exam'),(202180210,'Security Specialist Exam'),(202180249,'Civil Service Exam'),(202180343,'AWS cloud advance exam and Data security'),(202180362,'Quantum Guardian Cipherwright Certification Exam'),(202180383,'Fullstack SubProfessional Examination'),(202180384,'ROG Hardware Skill Test'),(2020100612,'System Function Testing'),(2020111612,'Operations of Information Systems'),(2020801710,'Civil Service Exam and Unreal Engine '),(2021100007,'Artificial Intelligence and Machine Learning algorithm'),(2023102211,'Civil Service Exam'),(2023112623,'Wed Development Exam'),(2044372264,'Cyber Security');
/*!40000 ALTER TABLE `professional_exams` ENABLE KEYS */;
UNLOCK TABLES;

--
-- Table structure for table `relatives`
--

DROP TABLE IF EXISTS `relatives`;
/*!40101 SET @saved_cs_client     = @@character_set_client */;
/*!50503 SET character_set_client = utf8mb4 */;
CREATE TABLE `relatives` (
  `idrelatives` int NOT NULL,
  `first_name` varchar(45) NOT NULL,
  `middle_name` varchar(45) DEFAULT NULL,
  `last_name` varchar(45) NOT NULL,
  `name_extension` varchar(5) NOT NULL,
  `Occupation` varchar(45) NOT NULL,
  `Emp_business` varchar(45) NOT NULL,
  `business_address` varchar(100) NOT NULL,
  `telephone` varchar(45) NOT NULL,
  `birthdate` date NOT NULL,
  PRIMARY KEY (`idrelatives`)
) ENGINE=InnoDB DEFAULT CHARSET=utf8mb4 COLLATE=utf8mb4_0900_ai_ci;
/*!40101 SET character_set_client = @saved_cs_client */;

--
-- Dumping data for table `relatives`
--

LOCK TABLES `relatives` WRITE;
/*!40000 ALTER TABLE `relatives` DISABLE KEYS */;
INSERT INTO `relatives` VALUES (0,'',NULL,'','','','','','','0000-00-00'),(1,'BoB','Edaño','McArthur','NOT A','Quantum Computing Researcher','Quantum Innovations Ltd.','123 Nebula Street, Cosmo Heights, Stellar City, Galaxy 98765','8700-123123','1890-01-01'),(2,'Kenneson','Palma','Palmes','N/A','Market Manager','Real Estate Corp.','169 Tresa Street, Bataraza, Palawan','+639712451723','1789-01-28'),(3,'Lorelyn','Amorin','Palmes','N/A','None','None','None','+639751825211','1919-03-23'),(4,'Joseph','Protacio','Andonga','N/A','Cybersecurity Analyst/Engineer','DataTech Innovations','Carrer de Pau Claris, 120 08009 Barcelona Spain','09184637289','1861-06-19'),(5,'Consuelo',' Ortiga Rey','Escote','N/A','IT Specialist','CyberCore Solutions','Carrer de Pau Claris, 120 08009 Barcelona Spain','09276853672','1867-01-27'),(6,'Aivanne','Bayani','Agbayani','N/A','Administrative Officer','Department of Foreign Affairs','DFA-CO NCR South at Muntinlupa City','09100310483','1999-01-02'),(7,'Larion','De castro','Baria','N/A','Front End Web Developer','Apple Inc.','One Apple Park Way, Cupertino, California','87000','1970-10-01'),(8,'Ana','Lucas','Baria','N/A','Care giver','Care partner','Aman, Jordan','81239','1980-04-11'),(9,'Samuel','Danao','Marquez','N/A','Jollibee Staff','None','None','233213','0000-00-00'),(10,'Gwyneth','Raine','Scarlet','N/A','Accountant','AccurateBooks Accounting','N/A','09678943600','1864-03-14'),(11,'Robert','Mapa','Downey','Jr.','Teacher','Western Philippines University','San Juan, Aborlan Palawan','0000-0009','1924-05-24'),(12,'Juvy','Baguyo','Evediente','N/A','NOT APPLICABLE','NOT APPLICABLE','NOT APPLICABLE','NOT APPLICABLE','1965-09-07'),(13,'Marites','Juan','Delacruz','N/A','Business owner','Lumber','Malvar','6666773533','1981-01-25'),(14,'Robert','John','Downey','Jr.','Actor','Team Downey','Los Angeles, California','+69696969','1965-04-04'),(15,'Susan','Nicole','Levin','N/A','Producer','Team Downey','Los Angeles, California','+69696969','1973-11-06'),(16,'Xylde','Ramos','Hollan','Sr.','IT Analyst ','Hardware Depot','St Avenue 5303','+555783638','2004-01-01'),(17,'Dennis','Cabalsa','Bundal','N/A','Lending Collector','Lending Co. Philippines','Makati City','5450904505','1974-12-05'),(18,'Rosalyn','Mendoza','Habab','N/A','Records Officer','Space X','1 Rocket Road, Hawthorne, CA 90250.','2133141432','1973-10-08'),(19,'Ariel','Go ','Gabayan','N/A','Private Employee','Law Office','Puerto Princesa City','087389127','1972-11-09'),(20,'Lovely','Tamanal','Pineda','N/A','OFW','Proficient Company','N/A','8937642901','1975-08-23'),(21,'Donito','Tamares','Cajayon','N/A','Businessman','N/A','N/A','+63985241679','1978-08-13'),(22,'Optimus','Prime','Celis','NOT A','Philippine President','Government','500 street, barangay 360, Palawan','09125679876','1975-10-10'),(23,'Meg','Atron','Celis','NOT A','Philippine Vice-President','Government','500 street, barangay 360, Palawan','09876781234','1973-03-14'),(24,'Emily','Areen','Navia','N/A','Private Agent','Secret Corp','N/A','09389392843','1923-12-23'),(25,'Rick','Daniel','Sanchez','N/A','Scientist','Trade','N/A','98453255207','1958-06-03'),(26,'Keanu','Reeves','Lazarte','N/A','Hitman','Topspot Guns International Corp','Di matagpuan, Miami, Florida','007-007','7777-07-07'),(27,'Raishu','De','Su','NOT A','Microsoft CEO','Microsoft','Redmond, Washington, United States','NOT APPLICABLE','2003-03-01'),(28,'Daniel','Ford','Padilla','N/A','Actor','ABS-CBN','Quezon City','09112233445','1995-04-26'),(29,'Kathryn','Manuel','Bernardo','N/A','Actress','GMA','EDSA','09667788990','1996-03-26'),(30,'Tony ','Bink','Stark','NOT A','PHILANTHROPHIST','STARK','NEW YORK','09832871382','1899-05-08'),(31,'Minato','Uzumaki','Namikaze','N/A','Ninja','Government','Hidden Leaf','09876543210','1999-01-01'),(32,'Stan','Delulu','Edgar','N/A','Vought International CEO','Pharmaceutical Company','New York','09127423571','1888-01-01'),(33,'Juan','Y','Sacay','N/A','Driver','taxiReal','Jamaica','12314-11','1982-00-01'),(34,'Maria','El','Sacay','N/A','Rocket Scientist ','NASA','Jamaica Branch','729174','1983-10-00'),(35,'John','Michael','Cabrestante','NOT A','Software Engineer','Tech Innovators Inc.','789 Tech Street, Silicon Valley','408-555-1234','1989-03-25'),(36,'Naruto','Rizal','Uzumaki','N/A','Hokage','Hidden Leaf','Ninja Village','143-143','1990-07-07'),(37,'Mikasa','Dela Cruz','Akkerman','N/A','Police Officer','Scout Regiment','Wall Maria','02-8888888','1990-08-07'),(38,'Hinata','Kosuke','Oden','N/A','Dealer','N/A','India','404-666-333','1760-12-19'),(39,'Steven','Patro','Black','N/A','Farmer','Corn Industries ','Brgy.Tiniguiban Puerto Princesa City','09235552356','1987-09-23'),(40,'Shayy','Tumason','Collado','N/A','Housewife','N/A','N/A','09303663384','1989-12-10'),(42,'Esin','Daboda','Lagutan','NOT A','None','None','None','080-666-445','1977-10-23'),(43,'Richard','Malate','Parker','N/A','CIA Agent','CIA','1234 Street, New York','802932153','1995-07-22'),(44,'Mary','Malate','Parker','N/A','CIA Agent','CIA','1234 Street, New York','081234253','1994-09-13'),(45,'Emma','Lawrence','Watson','N/A','Actress','CNN','1234 Street, New York','081234221','2002-01-01'),(46,'Irisviel ','Von','Einzbern','NOT A','Owner of Akihabara','Akihabara District',' Chiyoda ward of Tokyo','NOT APPLICABLE','1985-02-01'),(47,'Dante','Pizza','Sparda','N/A','Handyman','DMC Incorporated','Redgrave City','123-6662','1985-08-23'),(50,'Adolf','Kitler','Panolino','N/A','Painter','Austrian Art Museum','Puerto Princesa','345-123-876','1985-02-15'),(51,'Elizabeth','Queen','Panolino','N/A','teacher','N/A','Puerto Princesa','234-654-987','0000-00-00'),(52,'James','John','Peralta','N/A','Navy','N/A','Puerto Princesa City','4321-4321','1985-01-01'),(53,'Queen','Jasmin','Peralta','N/A','House wife','N/A','Puerto Princesa City','0123-0123','1990-01-01'),(55,'Aprilyn','Cruz','Dacles','NOT A','Housewife','NOT APPLICABLE','NOT APPLICABLE','1455-6788','1973-10-10'),(56,'Richard','De Guzman','Gamboa','Jr.','Businessman','Convenient Store','Santo Tomas, Valenzuela City, Manila','1455-6788','1972-06-08'),(61,'Rosalie','Dagot','Vasquez','N/A','Housewife','N/A','Hagedorn Rd, Barangay San Pedro, Puerto Princesa City, Palawan','242-4242993','1976-07-18'),(62,'Cesar','Gabo','Vasquez','N/A','Technician','E','Rizal Ave., Puerto Princesa City, Palawan','240-4242990','1972-02-16'),(63,'Vivian','Dela Torre','Gabuco','N/A','Radiologic Technologist','Basta Clinic X-Ray & Ultrasound','Secret Shop, Barangay Mandaragat, Puerto Princesa City, Palawan','433-1232333','1972-12-18'),(64,'Alfredo','Vigonte','Gabuco','N/A','Driver','Secret University','Tiniguiban Heights, Puerto Princesa City, Palawan','433-1232335','1971-12-16'),(69,'Richard Allan','Quiros','Pasamonte','N/A','Soldier','Air force','Puerto Princesa City','N/A','1987-07-18'),(70,'Rhenalin','Junio','Abraham','N/A','Architect ','Teacher','Beverly hills Mexico','789-985-8','1999-08-09'),(71,'Nelly','Sy','San Juan','N/A','Self employed','N/A','Puerto Princesa City','713-2563','1940-01-02'),(72,'Sully','Dimagiba','San Juan','N/A','Engineer','Eng-Ineering Services','Batangas','432-9985','1939-12-01'),(73,'Lorelai','Gilmore','Buesa','N/A','Manager','Independence Inn','Stars Hollow','434-3212','1984-02-03'),(74,'Luke','Danes','Buesa','N/A','Business Owner','Luke\'s Diner','Stars Hollow','434-3212','1980-05-01'),(80,'Yuta','N/A','Okkotsu','N/A','IT Security Office','National Security Information Systems Office','101 Secure Lane, SecureCity, FL 54321','434-9882','2001-09-11'),(85,'Stalin','N/A','Sendaydiego','N/A','Dictator','N/A','N/A','420-9696','1980-11-07'),(86,'Nadezhda','N/A','Sendaydiego','N/A','N/A','N/A','N/A','420-9696','1985-05-05'),(88,'Josefina','Darlington','Panes','NOT A','House Wife','NOT APPLICABLE','NOT APPLICABLE','048-4332512','1970-01-01'),(89,'Lin','NOT APPLICABLE','Resurreccion','NOT A','House Wife','NOT APPLICABLE','NOT APPLICABLE','0999999999','1980-01-01'),(90,'Marc','Estopin','Abarracoso','NOT A','Tour Guide','NOT APPLICABLE','NOT APPLICABLE','0999999999','1979-01-01'),(91,'Edgardo','Cinco','Mutia','N/A','Government Employee','N/A','N/A','N/A','1971-01-29'),(92,'Mildred','Andrada','Mutia','N/A','Businewoman','N/A','N/A','N/A','1970-05-29'),(98,'Gojo','N/A','Satoru','N/A','Magician','JJK','Tokyo, Japan','0991234123','1980-12-07'),(99,'Taylor','Langogan','Swift','Jr.','Cashier','7/11','Kifinicarl, Puerto Princesa City, Palawan','2231-323-09','1989-12-13'),(100,'Sammy','Heredero','Ombe','N/A','Contractual','N/A','Puerto Princesa City','09976920856','1988-01-03'),(102,'Tony','Rich','Stark','N/A','CEO','Stark Corp','Stark Corp Headquarters','','0000-00-00'),(103,'Alex','Sterling','Abela','Jr','Lunar Archaeologist','Celestial Relics Exploration Agency','123 Stellar Street, Luna City, Celestia Province, Philippines','123-5678','1866-07-31'),(105,'Jose','Marie','Chan','N/A','Singer','N/A','N/A','N/A','1969-01-18'),(106,'Arjay','Kristobal','Almojuela','N/A','Research Assistant','XYZ Research Institute','123 Fake Street, Anytown, USA','+1 (555) 123-4567','1990-01-30'),(110,'Rannie','Fundales','Zaquita','Marti','Agent','N/A','Pentagon','87000','1998-05-05'),(111,'Pablo','De Jesus','Formento','Jr.','Fork Cliff and Backhoe Operator','Convenient Store','Tokyo, Japan','1122-22345','1973-03-05'),(112,'Jocelyn','Mariquit','Formento','N/A','Housewife','Convenient Store','Tokyo, Japan','1122-22345','1967-09-07'),(113,'Febelyn','Tumpag','Lota','N/A','Self-Employed','N/A','N/A','123456789','1974-01-01'),(124,'Son','Goku','Lucio','N/A','Super Hero','Superheroic Protection','1002 Cyber Shield Street, Tech Haven City, Digital','100-2200','1997-10-02'),(135,'Kaki','Mira','Arozawa','N/A','Garbage Collector','N/A','Shibuya','N/A','1978-07-07'),(143,'John','Keanu','Reeves','N/A','Hitman','New York Russian crime syndicate','345 New York City','310-564-8005','1964-10-02'),(187,'Francc','Lee','Mendoza','N/A','Buisnessman','MN+LA Clothing','hawthorn heights taguig BGC','0923453421','1992-04-12'),(412,'Paul','N/A','Dignadice','N/A','Manager','Catalyst Innovations Hub','Puerto Princesa, Palawan','09111111111','1974-01-01'),(413,'Anne','N/A','Dignadice','N/A','Manager','Catalyst Innovations Hub','Pureto Princesa, Palawan','09222222222','1976-02-02'),(420,'Hev','Snoop','Abi','N/A','Rapper','N/A','Puerto Princesa City','N/A','1420-04-20'),(555,'Gina','Pepito','Hoyo-a','N/A','Fish Vendor','Dry & fresh fish','Poblacion Aborlan','55-555-5555','1968-04-26'),(666,'Reasse','Grimoire','Wakanai','NOT A','Housewife','NOT APPLICABLE','NOT APPLICABLE','666-666-666','1991-01-01'),(888,'Faith','Bagting','Sabandal','N/A','Teacher','Princess Charm School','Georgia','N/A','1994-04-12'),(987,'Dave','Selga','Gemotea','Jr.','N/A','Fast Food','Narra, Palawan','398064-21','1999-08-09'),(991,'Nhoj','Elan','Salb','NOT A','Business Woman','Computer Shop','Alcatraz','55-555','1969-02-02'),(999,'Xiaoyu','Lei','Mishima','N/A','House wife','N/A','N/A','896-234-832','1986-12-01'),(1000,'Heiachi','Kazama','Mishima','N/A','Fighter','Mishima Corporation','Tokyo, Japan','453-234-674','1980-05-01'),(1001,'Ivan','Edar','Azur','N/A','Artist','ULO Corporation','Quito Street','05-2134-576','2003-10-15'),(1010,'lites','gabayan','pagkaliwangan','n/a','housewife','n/a','n/a','n/a','0000-00-00'),(1111,'Paul','Kentucky','Jumper','N/A','Navy SEAL','Military','Area 51','8-7000','1989-03-21'),(1129,'Yuri','Patootie','Gagarin','N/A','Astronaut','NASA','Moscow, Russia','N/A','0000-00-00'),(1130,'Marilyn','Cutie','Monroe','N/A','Actress','Hollywood','Los Angeles','N/A','0000-00-00'),(1202,'Mary','de guzman','Enero','N/A','Police','Puerto National High School','Pangasinan City','911','1965-09-28'),(1215,'Sky','Luna','Cruz','N/A','Tattoo Artist','N/A','North Ford','02-8765432','1967-10-11'),(1234,'Angel','Lino','Quevedo','Jr','CEO','JI','N/A','123-2132','1968-02-29'),(1318,'George','Negro','Washington','N/A','Ceo','Human.inc','North Korea','23244550','1898-12-25'),(1319,'Georgea','Negro','Washington','N/A','Housewife','N/A','N/A','30434355','1898-12-16'),(1320,'Nel','Bunda','Enero','N/A','Electrical Engr','123 Tech Solutions','pangasinan City','01-8976543','1970-08-29'),(1469,'Vanessa','Kitty','Kang','N/A','Actress','Hybe Company','South Korea','N/A','1975-05-15'),(1470,'Killua','Freecs','Zoldyck','N/A','Hunter','Hunter Association','Greed Island','N/A','1969-06-16'),(1818,'Long','Lau','Rente','N/A','Teacher','PPT East School','23 Academy Street, Learning City, Education State','02-9176173','1977-01-15'),(1819,'Zay','Dela','Mendez','N/A','Elem Teacher','East Central School','321 Knowledge Road, Scholar Town, Eduville','02-8871583','1975-09-18'),(2310,'Accelerator','Crowley','Paredes','N/A','Mayor','N/A','N/A','3-1234-3333','1963-10-02'),(2311,'Kazari','Uiharu','Paredes','N/A','Security Engineer','N/A','N/A','3-4321-4567','1970-02-17'),(2323,'Cardo','Diaz','Dalisay','N/A','Police','Marine','Brooke\'s Point Palawan','909-608-7337','1965-07-07'),(2805,'Rodriguez','Roez','Dutertez','N/A','Singer','Harmony Haven Studios','LA California','09090909143','1963-01-01'),(4321,'Mizra','Erta','Junio','N/A','Waitress','Food Club','Wakanda','999-999-123','1998-12-12'),(4420,'Rakim','N/A','Mayers','N/A','Rap Artist','Polo Grounds Music','New York City','N/A','0000-00-00'),(4421,'Robyn','Rihanna','Fenty','N/A','Barbadian Singer','Caribbean Music','New York','N/A','1988-02-20'),(4444,'Ji Ar','Javar','Matillano','N/A','Architecture',' XYZ Architecture Firm','789 Oak Street,California','987-6578','1969-04-09'),(4551,'Vilma','Sipin','Singson','N/A','Elementary Teacher','N/A','N/A','N/A','1970-06-18'),(4552,'Allan','Argota','Singson','N/A','Seaman','N/A','N/A','8700-888','1965-03-24'),(5050,'Cesar','Mondragon','Cabangbang','N/A','Teacher','N/A','Dumaran','0912-335','1982-10-05'),(8221,'Geronimo','Sarabia','Juanich','N/A','Business Man','FSJ Trading','229 Bato, Taytay, Palawan','63-928229908','1959-06-23'),(8766,'Joenel','Fernandez','Diong','N/A','Driver','Shuttle Services','123 Sukhumvit Road','+66 2 123-4567','1974-01-16'),(8768,'Lilia','Besis','Diong','N/A','Self Employed','L Printing Shop','098 Chaloem Ratchamongkhon Road','+66 2 987-6543','1976-09-30'),(9091,'Helio','Combinido','Lucrecia','N/A','Businessman','N/A','PPPC, PPSAT','N/A','1966-09-16'),(9998,'Jose','Cruz','Almerez','N/A','Engineer','ABC Tech Solutions','789 Tech Street Quezon City','02-9876543','1970-04-25'),(9999,'Maria','Santos','Almerez','N/A','Teacher','XYZ National High School','456 Education Avenue, Makati City','02-9876543','1965-08-18'),(12301,'Corazon','Tabarangao','Heredero','N/A','Teacher','N/A','N/A','0981323637','1980-12-11'),(20203,'Eren','N/A','Yeager','N/A','Rumbling','Titans','Earth','092827272','0001-11-11'),(37463,'Maria fee','Radoc','Azuki','N/A','House Wife','Pigeri','manalo','N/A','0000-00-00'),(43281,'Roy','Lagan ','Fabrigas','NOT A','Government Official','N/A','N/A','765-2130','1974-08-23'),(43768,'Angel','Lino','Quevedo','N/A','CEO','JI','N/A','437-3242','1968-08-29'),(47123,'Zero','sky','Two','N/A',' Pilot mechs','Marine','Liminangcong','123-456-789','1987-10-13'),(55555,'Richard','James','McMiller','III','Game Director','Insomniac','Las Almas Mexico','691-20-500','1967-07-07'),(56786,'Mary jane','Piamonte','Gillona','','Web Developer','freelance','Australia','123-234-749','0000-00-00'),(69143,'LeBron','Rebound','James','N/A','Baller','NBA','Los Angeles','N/A','1984-12-30'),(69144,'Toni','Mami','Fowler','N/A','Twerker','Batang Quiapo','Quiapo','N/A','1993-07-22'),(69145,'Kento','Zenin','Nanami','N/A','Teacher','JJK','Tokyo, Japan','723-723-723','1950-07-03'),(75300,'Celedonia','Lopez','Sy','N/A','Customer Service Assistant','hello world inc','1120 st. Manila','12-1234567','1978-03-05'),(77111,'Julito','Aquias','Aborot','N/A','Seaman','Wtaf Tech Solutions','219 Abadsantos Street Lipa City','02-9833343','1959-09-25'),(77112,'Delia','Favila','Aborot','N/A','Business Woman','Toroba Trading ','219 Avenue, Lipa City','02-9222543','1960-05-15'),(77113,'Thea','Bragais','Trinidad','N/A','Accountant','Coffee Shop','111 St., Ilo-ilo City','345-886-556','1971-09-01'),(77114,'Edgar','Chapatpat','Chalobo','N/A','Electrician','TechSolutions Enterprises','123 Tech Plaza, Cityville','123-4567','1980-12-22'),(77115,'Danilo','Francisco','Delcoro','N/A','Mayor','N/A','N/A','123-1233','1979-12-21'),(77116,'Zenia','Sarmiento','Delcoro','N/A','Accountant','Caltex','San Pedro, Puerto Princesa, Palawan','0912342334','1968-01-03'),(90111,'Brando','Arasela','Mahinay','N/A','Electrical Engr','Tech Solutions','410 San Street Cebu City','02-9855543','1959-04-10'),(90112,'Maria','G','Mahinay','N/A','Business Woman','XCV Trading ','909 Avenue, Cebu City','02-9555543','1960-03-16'),(90809,'Rosinante','Dunno','Donquixote','N/A','Celestial Dragon','N/A','N/A','04-7167642','1969-07-07'),(100011,'Jenefer','Manlangit','Buo','N/A','HOUSEWIFE','N/A','N/A','123-4567','1975-11-24'),(100012,'Richard','Labonete','Buo','N/A','Self Employed','N/A','N/A','765-4321','1982-07-06'),(123451,'Leslie May','Gloria','Flora','N/A','Housewife','N/A','N/A','12234254','1979-12-24'),(123452,'Jessie','Pausa','Cabilar','N/A','Self-Employed','N/A','N/A','31243452','1976-12-13'),(130001,'Kaede','Maple','Honjou','N/A','Lycoris','Café LycoReco','Sumida City, Tokyo','555-355','2008-06-13'),(131148,'Eva','Acot-Acot','Hachero','N/A','Business woman','Flower Shop','Coron','N/A','1960-03-26'),(200021,'Ric','Sta.maria','Cabrera','NOT A','Government Employee','NOT APPLICABLE','NOT APPLICABLE','048-1234-123','1980-01-01'),(200022,'Haydee','Alaras','Cabrera','NOT A','Government Employee','NOT APPLICABLE','NOT APPLICABLE','048-5678-910','1980-02-02'),(201888,'Monkey','De','Dragon','N/A','Revolutionary Army','Ex Army','South Blue','09999999999','1999-02-05'),(202080,'Zyra','Maranan','Dumaran','N/A','SK Official','N/A','N/A','224-5564','1997-02-23'),(202081,'Rhea','Morillo','Lomuntad','N/A','President','N/A','Washington DC','200-2555','1980-12-25'),(202082,'Christopher','Paala','Lomuntad','N/A','Pilot','Haneda Airport','Tokyo','999-6569','1981-11-07'),(210021,'Tony','Morgan','Starkk','NOT A','Self-Employed','Stark Industries','NOT APPLICABLE','2323232','1970-11-20'),(210121,'Lana','Lana','Lang','NOT A','Housewife','NOT APPLICABLE','NOT APPLICABLE','2323932','0000-00-00'),(246810,'Henry','Santos','Perez','N/A','Licensed Driver','N/A','N/A','N/A','1978-07-04'),(303040,'Zuko','Marlo','Pala','N/A','Pilot','Air Traffic Control','Canada','111-0011','1991-12-05'),(481311,'Amor','Delos Santos','Hachero','N/A','Engineer','N/A','Manila','N/A','1950-01-27'),(1170137,'Retau','Yachi','Unohana','N/A','Housewife','N/A','N/A','1214001001','1993-04-21'),(2012098,'Yzaniah','Gemio','Lacson','NOT A','Teacher','NOT APPLICABLE','NOT APPLICABLE','7778-444','1987-02-15'),(2091241,'Kaido','Yamato','King','N/A','Self-Employed','N/A','N/A','1535623','1923-12-05'),(10201810,'Balmond','Demon','Hunter','N/A','Construction','Department Store','N/A','7-11','1234-10-10'),(34645433,'Samira','Fuertes','Johnson','N/A','Secretary','LSERV','International Airport PPC','09333364532','1999-12-25'),(201980339,'Roland','von','Wimbledon','III','King of Graycastle','Royal','neverwinter','n/a','2000-01-01'),(201980356,'austin clyde','palermo','sibugan','N/A','Freelance Photographer','N/A','N/A','09303336097','2000-10-22'),(202080011,'Janet','Dela Cruz','Apolinar','N/A','DH','N/A','N/A','N/A','1982-07-27'),(202080016,'Mariam','Monib','Baute','N/A','Housewife','N/A','N/A','123-4444','1968-01-15'),(202080027,'Rochelle Jane','Calilung','Dale','N/A','Teacher','N/A','Malvar, Carandang, Puerto Princesa','98454521','0918-02-15'),(202080035,'Jerry','Mercado','Dalimocon','N/A','Businessman','N/A','Coron','N/A','0000-00-00'),(202080036,'Luthgarda','Fetalver','Dalimocon','N/A','GOV\'T EMPLOYEE','N/A','N/A','N/A','0000-00-00'),(202080044,'Luis','Fortugaliza','Elorde','N/A','Fisherman','N/A','N/A','N/A','1960-08-25'),(202080045,'Vergie','Diola','Elorde','N/A','Housewife','N/A','N/A','N/A','1964-04-04'),(202080061,'Hakuna','Matata','Lion','N/A','Architect','King Firm','San Alfonso','87000','1892-03-21'),(202080095,'Jimma','Endino','Diaz','N/A','Housewife','Aquarium Scientist','Lumingon sa Paruruonan','09123456789','0000-00-00'),(202080135,'Leny','Nacasi','Alabastro','N/A','Professionall Teacher','CEO of Hello Kitty Merchs','Kyoto','123-4567','1986-09-27'),(202080160,'Ruby','Dd','Strat','N/A','Game Master','N/A','N/A','3200000','1999-09-09'),(202080457,'Luffy','Dawn','Dragon','N/A','Private Security','N/A','San Rafael','09616015294','1972-08-12'),(202080462,'CORAZON ','dela CRUZ ','CAYABYAB','NOT A','GOV\'T EMPLOYEE','NOT APPLICABLE','NOT APPLICABLE','0968856565','1971-02-14'),(202080463,'BRIGIDO','SALAZAR','CAYABYAB','NOT A','GOV\'T EMPLOYEE','UV EXPRESS OPERATOR','PUROK MAGALNG PPC','35567823','1967-02-01'),(202080473,'Nilpa','Revillas','Katon','N/A','Housewife','N/A','N/A','123-7890','1961-11-27'),(202080476,'Fely','Neri','Mamaril','N/A','Housewife','N/A','N/A','156-6443','1970-12-31'),(202143151,'Ixia','Cayao','Lambon','N/A','Housewife','N/A','N/A','1234567899','0000-00-00'),(202180032,'Robin','Arrow','Hood','N/A','Sidekick','Support delar','N/A','123456789','2000-01-01'),(202180036,'Bangalore','Smokes','Secret','NOT A','Employee\'nt','NOT APPLICABLE','Mars and Jupiter Co.','345671234','0000-00-00'),(202180157,'Oden','Luffy','Imu','N/A','Self-Employed','N/A','N/A','196846','1924-05-02'),(202180210,'Melodya','Lacsen','Gard','NOT A','Housewife','NOT APPLICABLE','NOT APPLICABLE','333-5656','1979-02-02'),(202180264,'Sana','Cla','Minatozaki','N/A','Performer','JYP','N/A','N/A','0000-00-00'),(202180343,'Tanjiro','Hina','Camado','N/A','IT Officer','N/A','N/A','92942342','1950-12-25'),(202180383,'Ruel','Andos','Serencio','N/A','King of Nazareth','The Hills have Eyes','Gulag','765-4321','1981-03-31'),(202180384,'Gliecel','Diokno','Serencio','N/A','Self-Employed','NOT APPLICABLE','NOT APPLICABLE','123-1234','1981-06-27'),(202180385,'Wilson','Fajanilan','Familaran','N/A','Sales Man','Car Dealer Company','San Manuel','434-0911','1968-08-20'),(202180386,'Rizalina','Mangahas','Familaran','N/A','Housewife','N/A','N/A','434-0911','1968-12-30'),(202401200,'Jelm','Bonbon','Elanan','N/A','Housewife','N/A','N/A','03037511','0000-00-00'),(2020080016,'Abdul Gani','Pundugar','Baute','N/A','Businessman','Gadget related shop','Rengel','123-4444','1983-08-15'),(2020100612,'Frank','Hela','Dela Concepcion','N/A','GOV\'T EMPLOYEE','N/A','CENTRAL','0393203','1964-12-05'),(2020801712,'Martha','Mayo','Diaz','N/A','Busines Woman','N/A','N/A','N/A','0000-12-24'),(2020804971,'Clark','Kent','Magno','N/A','Reporter','Daily Planet','330 Sixth Street, at Concord Lane','1-632-555-0108','1977-04-18'),(2020804972,'Nara','Jang','Magno','N/A','Actress','Rawon Culture Agency','Seoul, South Korea','821055538203','1981-03-18'),(2021100007,'Sukuna','Mahito','Mahoraga','N/A','Self-Employed','N/A','N/A','23486832','1947-12-12'),(2021803620,'Marco','Antonio','Rossi','N/A','Senior Data Scientist','Quantum Insights Solutions','Tech Avenue Cyber City, Italy','09123456789','1978-05-15'),(2021803621,'Elena','Rovina','Bianchi','N/A','Augmented Reality Developer','Digital Realms Innovation','Tech Plaza, VirtualVille , Italy','09123987654','1982-09-28'),(2034164737,'Bulma','alonte','guko','N/A','N/A','N/A','N/A','09223234324','0000-00-00');
/*!40000 ALTER TABLE `relatives` ENABLE KEYS */;
UNLOCK TABLES;

--
-- Table structure for table `sales_data`
--

DROP TABLE IF EXISTS `sales_data`;
/*!40101 SET @saved_cs_client     = @@character_set_client */;
/*!50503 SET character_set_client = utf8mb4 */;
CREATE TABLE `sales_data` (
  `sales_id` int NOT NULL AUTO_INCREMENT,
  `employees_id` int DEFAULT NULL,
  `sales_date` date DEFAULT NULL,
  `sales_amount` decimal(7,2) DEFAULT NULL,
  `sales_target` decimal(7,2) DEFAULT NULL,
  PRIMARY KEY (`sales_id`),
  KEY `employees_id` (`employees_id`),
  CONSTRAINT `sales_data_ibfk_1` FOREIGN KEY (`employees_id`) REFERENCES `employees` (`idemployees`)
) ENGINE=InnoDB AUTO_INCREMENT=18 DEFAULT CHARSET=utf8mb4 COLLATE=utf8mb4_0900_ai_ci;
/*!40101 SET character_set_client = @saved_cs_client */;

--
-- Dumping data for table `sales_data`
--

LOCK TABLES `sales_data` WRITE;
/*!40000 ALTER TABLE `sales_data` DISABLE KEYS */;
INSERT INTO `sales_data` VALUES (1,69001,'2023-12-28',156.00,1750.50),(2,69001,'2023-12-28',967.00,1750.50),(3,69001,'2023-12-27',1200.00,1250.50),(4,69001,'2023-11-26',489.00,980.50),(5,69001,'2023-11-25',450.00,1050.50),(6,69001,'2023-11-24',875.00,950.50),(7,69001,'2023-11-23',1011.00,1350.50),(8,69001,'2023-10-22',1240.00,1250.50),(9,69001,'2023-10-27',320.50,1500.75),(10,69001,'2023-10-26',50.25,500.00),(11,69001,'2023-09-26',400.25,1100.00),(12,69001,'2023-09-25',420.75,1000.50),(13,69001,'2023-09-28',1250.00,1250.50),(14,69001,'2023-08-27',928.00,950.90),(15,69001,'2023-08-26',366.00,570.58),(16,69001,'2023-08-25',414.00,550.60),(17,69001,'2023-08-23',316.00,450.50);
/*!40000 ALTER TABLE `sales_data` ENABLE KEYS */;
UNLOCK TABLES;

--
-- Table structure for table `service_records`
--

DROP TABLE IF EXISTS `service_records`;
/*!40101 SET @saved_cs_client     = @@character_set_client */;
/*!50503 SET character_set_client = utf8mb4 */;
CREATE TABLE `service_records` (
  `employees_idemployees` int NOT NULL,
  `job_positions_idjob_positions` int NOT NULL,
  `appointment_start_date` date NOT NULL,
  `appointment_end_date` date NOT NULL,
  `institutions_idinstitutions` int NOT NULL,
  `monthly_salary` double NOT NULL,
  `pay_grade` varchar(45) NOT NULL,
  `contract_types_idcontract_types` int NOT NULL,
  `gov_service` tinyint NOT NULL,
  PRIMARY KEY (`employees_idemployees`,`job_positions_idjob_positions`),
  KEY `fk_employees_has_job_positions_job_positions1_idx` (`job_positions_idjob_positions`),
  KEY `fk_employees_has_job_positions_employees_idx` (`employees_idemployees`),
  KEY `fk_service_records_contract_types1_idx` (`contract_types_idcontract_types`),
  KEY `fk_service_records_institutions1_idx` (`institutions_idinstitutions`),
  CONSTRAINT `fk_employees_has_job_positions_employees` FOREIGN KEY (`employees_idemployees`) REFERENCES `employees` (`idemployees`),
  CONSTRAINT `fk_employees_has_job_positions_job_positions1` FOREIGN KEY (`job_positions_idjob_positions`) REFERENCES `job_positions` (`idjob_positions`),
  CONSTRAINT `fk_service_records_contract_types1` FOREIGN KEY (`contract_types_idcontract_types`) REFERENCES `contract_types` (`idcontract_types`),
  CONSTRAINT `fk_service_records_institutions1` FOREIGN KEY (`institutions_idinstitutions`) REFERENCES `institutions` (`idinstitutions`)
) ENGINE=InnoDB DEFAULT CHARSET=utf8mb4 COLLATE=utf8mb4_0900_ai_ci;
/*!40101 SET character_set_client = @saved_cs_client */;

--
-- Dumping data for table `service_records`
--

LOCK TABLES `service_records` WRITE;
/*!40000 ALTER TABLE `service_records` DISABLE KEYS */;
INSERT INTO `service_records` VALUES (0,36,'1969-04-20','1969-04-20',53,69420,'SG-16 (+20% Premium)',22,0),(2,2,'2022-01-01','2023-01-01',19,3500,'D',8,0),(3,1,'2023-01-15','2023-12-01',1,450000,'3',4,0),(6,5,'2023-11-20','2024-01-01',11,100000,'N/A',6,0),(7,3,'2022-06-28','2023-06-28',2,130000,'Grade C',3,0),(8,6,'2023-11-25','2027-10-05',24,200000,'5',11,0),(9,7,'2020-10-11','2023-05-22',10,20000,'',7,1),(11,9,'2026-06-30','2027-06-30',13,95,'N/A',8,0),(13,11,'2022-01-15','2022-01-30',17,600000,'N/A',10,0),(17,17,'2021-08-18','2023-05-18',12,420690,'SG-100',1,1),(18,18,'2023-06-07','2030-05-15',27,50000,'10000000.00',1,0),(20,19,'2023-12-11','2024-12-11',30,50000,'N/A',12,0),(21,20,'2023-12-01','2025-12-30',31,77,'N/A',1,0),(23,23,'2023-11-10','2027-12-31',33,500000,'N/A',13,0),(24,133,'2023-04-12','2025-01-01',104,40000,'GS-11',1,0),(25,21,'2023-03-05','2030-03-05',37,99000,'N/A',15,0),(26,22,'2024-05-09','2026-09-05',36,6465464,'NOT APPLICABLE',14,0),(28,26,'2023-02-02','2023-02-12',42,88888,'PSA10',16,0),(32,25,'2023-05-14','2027-12-25',39,10000000,'N/A',1,0),(33,31,'2022-02-01','2022-02-02',45,1,'N/A',19,0),(35,28,'2023-04-07','2023-05-23',126,100000,'NOT APPLICABLE',1,0),(36,29,'2022-01-01','2023-01-01',51,250000,'N/A',321,0),(37,707,'2023-05-04','2023-11-04',450,25000,'Grade 6',107,0),(38,33,'2023-05-20','2023-10-20',49,20,'N/A',20,0),(39,34,'2022-07-07','2022-12-07',46,10000,'N/A',12345,0),(50,50,'2023-11-25','2023-12-05',52,10000,'Mid-Level Pay Grades',1,0),(55,555,'2023-11-15','2028-05-05',2,100000,'NOT APPLICABLE',1,0),(62,62,'2023-06-22','2030-06-22',62,9000000,'Senior-level',1,0),(63,63,'2023-12-18','2028-12-18',63,80000,'System Administrator III',2,0),(69,69,'2023-12-10','2024-01-05',69,120000,'N/A',2,0),(88,88,'2023-04-01','2030-12-12',88,100000,'Grade 25',1,0),(98,98,'2023-11-12','2024-10-14',98,11,'College Grade',99,0),(99,99,'2023-01-01','2023-01-25',101,10000,'Grade 8',1,0),(102,32,'2030-10-10','2030-10-15',96,420420,'SG-15',1,0),(103,103,'2022-10-02','2027-10-05',103,50,'Grade 2',103,0),(104,102,'0000-00-00','0000-00-00',102,40000,'N/A',102,0),(106,106,'2024-12-31','2030-12-31',106,1,'Grade 2',106,0),(111,111,'2023-05-05','2028-09-09',2,100000,'N/A',1,0),(123,123,'2023-06-01','2024-06-01',50,50000,'NOT APPLICABLE',1,0),(124,124,'2023-11-23','2042-10-02',124,120,'Grade 5',124,0),(125,55,'2021-04-03','2023-03-11',125,50000,'Grade 19',1,0),(132,132,'2023-05-22','2023-10-11',19,51000,'N/A',2342,0),(143,143,'2023-02-02','2023-11-11',12,6000000,'N/A',2,0),(187,187,'2019-01-20','2023-12-12',187,5,'N/A',1,0),(420,420,'2023-11-24','2023-12-24',29,999999,'N/A',420,0),(425,20,'2023-01-02','2023-02-01',12,728000,'N/A',1,0),(455,2580,'2023-05-10','2025-05-10',110022,50000,'N/A',3,0),(619,4420,'2023-01-01','2023-02-01',4420,1350,'N/A',4420,0),(666,666,'2021-01-01','2022-02-02',666,666666,'4',666,0),(777,472,'2023-11-24','2024-01-07',47,120,'N/A',43,0),(822,8224,'2023-02-04','2026-09-11',2,600000,'N/A',8225,0),(888,1,'2021-01-08','2022-03-17',345,30000,'Grade 8',1,0),(913,90000013,'2021-02-13','2028-01-01',913,20000,'Above Average',913,0),(991,991,'2023-12-12','2030-12-12',991,100000000,'Grade 10',991,0),(1000,1000,'2020-12-05','2021-01-12',1000,40000,'13',1,0),(1214,1214,'2023-09-11','2023-09-20',48,80000,'N/A',1216,0),(1818,1818,'2023-01-01','2023-10-01',37,50000,'Grade 10',1818,0),(1830,70,'0000-00-00','2029-09-08',70,90000,'N/A',70,0),(2023,234,'2025-12-12','2026-12-12',456,50000,'N/A',345,0),(2121,2121,'2022-07-03','2023-04-21',2121,100000,'N/A',2121,0),(5156,101,'2023-06-15','2023-07-16',71,45000,'PSA9',17,0),(8764,111,'2023-06-11','2023-07-11',245,760000,'Grade 10',658,0),(9090,20019,'2023-05-06','2026-04-09',451,78000,'N/A',7000,0),(9999,9999,'2023-01-01','2023-10-01',37,50000,'Grade 10',1,0),(11111,8700,'2020-01-12','2022-12-01',333,58000,'N/A',1010,0),(12345,12345,'2021-12-02','2024-12-01',12345,10000000,'N/A',12345,0),(14369,14369,'2023-02-02','2026-02-02',72,9999999,'PSA10',18,0),(20202,71,'2022-09-03','2024-03-29',73,40000,'7',71,0),(20203,20203,'2020-10-22','2025-12-22',202080089,500000000,'N/A',1,0),(51555,555555,'2004-04-04','2005-05-05',5555,55550,'Grade 13',555,0),(55555,55555,'2022-10-02','2027-10-05',55555,30,'N/A',5,0),(69001,69120,'2023-04-05','2025-03-08',450,70000,'N/A',6000,0),(76444,76445,'2023-01-01','2023-11-01',76449,521122,'Grade 12',1,0),(81233,2020800881,'2023-06-01','2025-06-01',2020800411,111111,'N/A',2021827171,0),(90001,22002200,'2023-02-11','2023-09-15',76452,60000,'N/A',8000,0),(90002,1005,'2022-02-03','2025-09-12',76454,1000000,'Grade 22',1,0),(90444,90445,'2023-01-01','2023-12-01',90449,8222,'Grade 10',1,0),(134811,134811,'2023-11-24','2026-11-24',134811,50000,'N/A',134811,0),(200021,200021,'2023-06-27','2025-10-12',200021,18,'Grade 1',200021,0),(202080,202080,'2020-10-21','2024-10-26',202080,10000000000,'N/A',1,0),(202081,202081,'2022-11-26','2030-11-26',202081,1e24,'N/A',1,0),(246810,246810,'2023-04-25','2026-05-25',246810,45000,'N/A',2,0),(1170131,117013,'2022-04-21','2024-04-21',314159265,40000,'Grade 2',1170139,0),(9082122,90809,'2023-01-01','2025-10-01',90809,2565667.5,'Grade 1',90809,0),(202080044,202080044,'2023-11-25','2024-11-25',202080044,99999.9,'Grade 12',202080044,0),(202080457,202080457,'2023-11-26','2030-01-30',202080457,200,'Grade 13',3,0),(202080473,202080473,'2021-11-20','2023-11-29',202080473,10000,'N/A',1,0),(202080476,202080476,'2022-04-30','2026-10-24',202080476,60000,'N/A',5,0),(202080491,20231128,'2020-09-01','2023-12-31',20231129,7000,'Salary Grade 7',20231131,0),(202143145,202143155,'2022-11-06','2025-05-02',202143147,100000,'N/A',202143143,0),(202180012,38,'2022-08-24','2025-04-27',2,9999999,'SG 33',21,0),(202180032,202180032,'1901-09-01','0000-00-00',202180032,9999999.1,'Basic Grade',202180032,0),(202180036,202180036,'2002-10-10','2002-10-11',202180036,100000000,'Grade 10',2,0),(202180157,202180157,'2023-03-04','2025-05-01',202180157,90000000,'N/A',2,0),(202180384,202180384,'2021-10-05','2024-04-01',202180384,10000,'N/A',3,0),(2020801456,10262023,'2023-04-23','2027-12-15',10262023,38552,'N/A',47,0),(2147483647,2032384348,'2022-09-02','2024-09-02',2023200101,99999999,'High Grade',2147483647,0);
/*!40000 ALTER TABLE `service_records` ENABLE KEYS */;
UNLOCK TABLES;

--
-- Table structure for table `skills`
--

DROP TABLE IF EXISTS `skills`;
/*!40101 SET @saved_cs_client     = @@character_set_client */;
/*!50503 SET character_set_client = utf8mb4 */;
CREATE TABLE `skills` (
  `idskills` int NOT NULL,
  `skill_type` varchar(45) NOT NULL,
  `skill_description` varchar(500) NOT NULL,
  PRIMARY KEY (`idskills`)
) ENGINE=InnoDB DEFAULT CHARSET=utf8mb4 COLLATE=utf8mb4_0900_ai_ci;
/*!40101 SET character_set_client = @saved_cs_client */;

--
-- Dumping data for table `skills`
--

LOCK TABLES `skills` WRITE;
/*!40000 ALTER TABLE `skills` DISABLE KEYS */;
INSERT INTO `skills` VALUES (0,'Web Design','encompasses many different skills and discipl'),(1,'Quantum Code','Quantum coding involves programming at the in'),(2,'Database Management','Skills in database design, SQL (Structured Qu'),(3,'Programming','Understanding of algorithms, data structures,'),(4,'Cloud Computing','Familiarity with cloud platforms like AWS (Am'),(5,'Information Architecture','Information architecture (IA) involves effect'),(6,'Web Development',' Create and maintain websites.'),(7,'Cybersecurity','Businesses need people with cybersecurity ski'),(8,'Analytical Skills','Ability to gather, interpret, and analyze dat'),(9,'Managing','Manages and oversees IT projects'),(10,'Mathematical Reasoning','The process of applying logical thinking to a'),(11,'Technical Proficiency','Understanding of networking protocols, operating systems, and security technologies to analyze logs, identify vulnerabilities, and troubleshoot issues.'),(12,'Critical Thingkings','Critical thinking is the intellectually disci'),(13,'Front End Engineering','A front-end engineer works on the part of the'),(14,'Networking','Knowledge of networking protocols, infrastruc'),(15,'Cloud Computing','Proficiency in cloud platforms like AWS, Azur'),(16,'UI/UX Design','Understanding user interface design principle'),(17,'Artificial Intelligence','Technical and Non-Technical abilities to depl'),(18,'Mobile app development','Mobile app development is the process of crea'),(19,'Cloud Engineering',' builds and maintains cloud infrastructure'),(20,' Technical Analysts','Configure and implement SaaS solutions'),(21,'Back End Developer','A back-end developer possesses expertise in s'),(22,'Full-Stack Development','Full stack development refers to the end-to-e'),(23,'UI Design','UI (User Interface) design focuses on creatin'),(24,'Analytics and Troubleshooting','a logical process network engineers follow to'),(25,'Analytical Abilities','Being Analytical gives you a major edge in IT'),(26,'Artificial Intelligence','deep learning, reinforcement learning, comput'),(27,'Communication','Strong communication skills ensure that your '),(28,'Troubleshooting and Technical Support','Strong troubleshooting skills for identifying'),(29,'Web Developer','A Web Developer is a professional who is resp'),(30,'Penetration Tester','Penetration testers, also known as pen tester'),(31,'Service Management','Wrapping technologies in services that are di'),(32,'Game Development','encompassing technical, creative, and collabo'),(33,'Web Developer','Expertise with modern web programming languag'),(34,'Technical','Java programming'),(35,'Data visualization','presenting complex data in a graphical or vis'),(36,'Visual effects','Visual effects (sometimes abbreviated VFX) is'),(37,'Visualize and Conceptualize Information','The ability to conceptualize and visualize in'),(38,'Graphics Design Specialist','crafts visually compelling and impactful digital designs, leveraging creative expertise and technical skills to produce engaging visuals across various mediums.'),(47,'Technical Support','Technical support (tech support) refers to a range services companies provide to their customers for products such as software, mobile phones, printers, and other electronic, mechanical or electromechanical products.'),(50,'Risk Assessment','Capability to assess and manage risks associa'),(55,'Excellent Designing','Ability to provide beautiful designs and enha'),(60,'Cloud Platform Proficiency','Ability to proficiently navigate and leverage'),(62,'Implementation of backup and recovery process','Minimize the risk of data loss and ensure tha'),(63,'IT Infrastructure and Systems Administration','IT Infrastructure Configuring and Maintenance'),(64,'Programming','programming is that it is a way of providing '),(65,'Business Intelligence','Skilled in gathering and analyzing business d'),(69,'Vulnerability Management','Identifying and addressing vulnerabilities in'),(70,'Data Analyst','Creating Dashboards and Reports'),(71,'Web Designer','The skill description for a web designer typi'),(72,'Debugging','Evaluating and debugging modules'),(87,'photographic log and photographic sketch','Photograph all latent fingerprints and other '),(88,'Full Stack Developer','Knowledgeable in every aspect of programming'),(89,'Valorant Pro','Gaming and Line Up'),(98,'Handy Man','Full-Stack HandyMan'),(99,'Web Design','Creating user friendly designs for websites.'),(100,'Geographic Information System (GIS) Specialis','GIS specialists utilize geospatial data to cr'),(101,'Project Management','Overseeing and managing IT projects from init'),(102,'esports coach','work closely with the players, to motivate th'),(103,'Data Harmonization','Harmonize data for unified insights'),(104,'Ethical Decision-Making','Ethical decision-making involves the process of evaluating and choosing actions that align with moral principles and values. It requires considering the potential impact of decisions on various stakeholders, adhering to principles of fairness, honesty, and integrity, and ensuring that choices uphold ethical standards and legal requirements. Ethical decision-making guides individuals and organizations to make choices that contribute to the well-being of society and promote trust and credibility.'),(106,'Artificial Intelligence (AI)','Proficient in developing AI models using mach'),(110,'Software and Hardware Knowledge','Understanding of computer hardware and famili'),(111,'Problem Solving Skills','Ability to solve problems effectively'),(124,'Programming','Capable of developing efficient and scalable '),(136,'Data Analyst','Data analysis tools assist you in uncovering '),(143,'Game Analyst','Examine games to ensure they are free of bugs'),(187,'Ethical Hacking',' security experts that perform these security'),(321,'Networking','Cisco CCNA'),(322,'Cybersecurity','Ethical Hacking'),(323,'Data Science','Python and Pandas'),(408,'IT Policy Development','Crafts effective IT policies, aligning industry standards, legal requirements, and organizational needs.'),(409,'Strategic Planning','ligns IT policy initiatives with organizational goals, anticipates future needs, and adapts policies to evolving technology.'),(420,'Full Stack Developer','Full-stack developers possess a diverse skill'),(456,'Graphic Design','Deisgn a website'),(475,'Graphic Design','Proficiency in Adobe Creative Suite or other '),(500,'Machine Learning','This area involves creating and refining algo'),(666,' Statistical Analysis','Understanding statistical tests and tools is crucial. Familiarity with mean, median, variance, standard deviation, correlation, regression, and hypothesis testing can be fundamental.'),(991,'Computer Analyst','computer virus killer'),(1000,'Cloud Network Engineer ','design and implement computer and information'),(1001,'Information Systems Analyst',' uses analysis and design techniques to solve business problems using information technology.'),(1124,'data analysis and management','These skills allow DPOs to effectively overse'),(1129,'Cloud Engineer','cloud computing,  maintenance and support'),(1212,'Technical Support','Technical Trouble shooting and customer suppo'),(1214,'IT developer','Installing Firewalls and routers'),(1215,'Data Visualization','Alongside basic knowledge of spreadsheets, ha'),(1221,'game design','Develop and maintain graphics applications'),(1818,'Solve design challenges creatively','Design digital interfaces'),(2121,'Computer maintenance','Keeping your computers and laptops in good co'),(2309,'Competitive Programming','A sport where contestants solve algorithmic p'),(2323,'Software Engineering','Developing Website for Needs'),(4420,'Cybersecurity','Knowledge of security principles'),(6666,'QA Engineer ','Find and fix bugs'),(8223,'Graphic Design','Designing application'),(9080,'Programming','full-stack dev'),(9999,'Software Engineering','Develop and maintain software applications'),(10101,'Basic Web Designer','Plan, create and code internet sites and web pages, many of which combine text with sounds, pictures, graphics and video clips. A web designer is responsible for creating the design and layout of a website or web pages.'),(12345,'Operating Systems','Troubleshooting'),(14369,'Coding','Software architecture understanding and desig'),(20203,'Professional Gamer','Competitive gamer '),(33332,'Help Desk Support, Database, MS Office, Activ','Identify and troubleshoot networked systems. '),(55555,'Web Design','Making a user-friendly websites'),(69120,'Problem-Solving Aptitude','possesses a strong problem-solving aptitude, '),(70121,'Cipher Text  Decoder','Encrypted to Decrypted text decoder'),(70134,'Algorithm Design and Analysis','Proficient problem-solving skills to understa'),(70135,'Data Mining','searching and analyzing a large batch of raw '),(75300,'Database management',' responsible for developing and maintaining a'),(76446,'DevOps Design','Develop programs and design manually'),(80217,'Graphic Design','Designing application'),(81111,'Algorithm and Data Structures','Understanding and implementing efficient algo'),(81112,'Neural Network Architect','Design efficient and effective neural network'),(90197,'Data analytics developer','Clarify & set business expectations'),(90446,'GameDevs Design','Develop games and design manually'),(90809,'Floor General','coach on the floor, and the heart of the team'),(122213,'Creativity','The ability to generate original ideas, characters, and stories is fundamental in animation. Creativity fuels the entire process of bringing imagination to life.'),(134811,'Web Developer','Mastered in HTML,CSS, and JS'),(200021,'Front-End Web Developer','Designing Front-end of websites.'),(202080,'Cybersecurity','is the application of technologies, processes'),(202081,'DevOps','Combination of “development” and “operations”'),(202127,'Web Design','encompasses many different skills and discipl'),(238912,'Scripting and Code Efficiency','Writing scripts to automate repetitive tasks '),(246810,'Operating Systems','Troubleshooting'),(303040,'Minning Strat','Data Analysis'),(711711,'FASTER ENCODER','FASTING TYPING'),(937374,'Automation','Scripting and automation skills for routine tasks (e.g., Bash, PowerShell).'),(1170135,'Augmented Reality Development','Proficiency in AR frameworks, platforms, and '),(1231234,'Bogaboga developer','Bogaboga'),(2947104,'Web Design','encompasses many different skills and discipl'),(5555555,'Risk Taker','Expert in Risk Analyzing'),(20212374,'Web Design','encompasses many different skills and discipl'),(20231126,'Back End Developer',' handle the server-side of the website, manag'),(20502050,'HACKER','Hacking Bank Account'),(201980339,'data analyst','statistical analysis of data'),(201980356,'Web Developer','Designing and developing websites according to client specifications.'),(202018927,'Cybersecurity','skills to keep their data,including customer,'),(202080016,'Game designing','Ability to develop a hero in game'),(202080027,'UI/UX Designer','Developing visual concepts, graphics, and layouts based on client or project requirements.'),(202080035,'Network Configuration','assigning network settings, policies, flows, '),(202080044,'Threat Hunting','Proactive cybersecurity: detect, analyze, res'),(202080061,'Wed Designer','Ability to pla, create and code internet site'),(202080135,'Roblox Game Designer','A game designer\'s role is to create an engagi'),(202080160,'Digital Forensics','Focuses on identifying, acquiring, processing'),(202080171,'Game Level Design ','Create structure, layout and overall experience of a game development'),(202080457,'Data Visualization','is the practice of designing and creating eas'),(202080463,'Computational Scientist','Determine computing needs and system requirem'),(202080473,'Technical Skills','Should have a detailed knowledge of softw'),(202080476,'Web developer','Create functional, user-friendly websites'),(202080497,'Azure API Developer','Design and build scalable and secure integration solutions using Azure Logic Apps, Azure API Management, and Microsoft Integration Services.'),(202083480,'Cybersecurity Master','monitor current systems for both internal and'),(202180032,'Technical skills',' could be responsible for providing technical support, troubleshooting hardware and software issues, and assisting with the implementation and maintenance of IT systems within an organization.'),(202180036,'UI Designer','Designing UI'),(202180157,'Back end Developer','Ability tosomething that is farthest from the'),(202180210,'Security Specialist','Develop and implement security measures'),(202180249,'Technical Skills ','Equipment repairs, installations and troubles'),(202180343,'Fullstack Software Engineer','Plan, Design, and Develop software'),(202180362,'Quantum Ciphercraft Mastery','Proficiency in Quantum Ciphercraft involves the ability to create and decode ethereal encryptions, harnessing the quantum dance of particles to fortify data against unseen digital adversaries. Masters of this skill can seamlessly traverse the realms of quantum computing, crafting cryptographic shields that defy conventional decryption methods. Quantum Ciphercraft expertise empowers individuals to safeguard information with arcane algorithms, ensuring the sanctity of digital secrets in an ever-ev'),(202180383,'Parallel Programming','Ability to develop multiple projects simultan'),(202180384,'Natural Language Processing','Expertise in machine learning models and libr'),(1212783718,'senior level','all around hacking'),(2020100612,'SOFTWARE TESTER','Ability to test and enhance the software'),(2021001132,'Network Engineer','Designing and implementing new network soluti'),(2021100007,'Front End Developer','Create and Enhance the look and feel og a UI'),(2147483647,'Mid End Developer','Create and Innovate new design ');
/*!40000 ALTER TABLE `skills` ENABLE KEYS */;
UNLOCK TABLES;

--
-- Table structure for table `skills_has_employees`
--

DROP TABLE IF EXISTS `skills_has_employees`;
/*!40101 SET @saved_cs_client     = @@character_set_client */;
/*!50503 SET character_set_client = utf8mb4 */;
CREATE TABLE `skills_has_employees` (
  `skills_idskills` int NOT NULL,
  `employees_idemployees` int NOT NULL,
  `skill_level` varchar(45) DEFAULT NULL,
  PRIMARY KEY (`skills_idskills`,`employees_idemployees`),
  KEY `fk_skills_has_employees_employees1_idx` (`employees_idemployees`),
  KEY `fk_skills_has_employees_skills1_idx` (`skills_idskills`),
  CONSTRAINT `fk_skills_has_employees_employees1` FOREIGN KEY (`employees_idemployees`) REFERENCES `employees` (`idemployees`),
  CONSTRAINT `fk_skills_has_employees_skills1` FOREIGN KEY (`skills_idskills`) REFERENCES `skills` (`idskills`)
) ENGINE=InnoDB DEFAULT CHARSET=utf8mb4 COLLATE=utf8mb4_0900_ai_ci;
/*!40101 SET character_set_client = @saved_cs_client */;

--
-- Dumping data for table `skills_has_employees`
--

LOCK TABLES `skills_has_employees` WRITE;
/*!40000 ALTER TABLE `skills_has_employees` DISABLE KEYS */;
INSERT INTO `skills_has_employees` VALUES (1,3,'Advanced Mastery'),(2,7,'Average'),(3,7,'Advanced'),(4,7,'Beginner'),(4,18,'Advanced'),(6,6,'Intermediate'),(6,111,'Professional'),(6,8764,'Intermediate'),(7,9,'Beginner'),(8,10,'Beginner'),(9,11,'Mid-level'),(11,0,'Advanced'),(12,2,'Professional'),(13,13,'Expert'),(17,17,'Intermediate'),(18,8,'Expert'),(19,20,'Average'),(21,23,'Expert'),(23,21,'Expert'),(24,25,'Expert'),(25,26,'Expert'),(27,32,'Professional'),(28,23,'Beginner'),(31,28,'Legendary'),(32,36,'Professional'),(33,33,'Professional'),(34,102,'Advanced'),(35,123,'Professional'),(35,888,'Beginner'),(36,35,'Expert'),(37,38,'Intermediate'),(38,202180012,'Professional'),(47,2020801456,'Professional'),(50,50,'Intermediate'),(55,55,'Average'),(62,62,'Expert'),(63,63,'Expert'),(65,125,'Proffesional'),(69,69,'Intermediate'),(70,1830,'Professional'),(71,20202,'Advanced'),(88,88,'Expert'),(98,98,'Master Level'),(99,99,'Beginner'),(101,5156,'Professional'),(102,104,'Ibang Level'),(103,103,'Professional'),(104,24,'Intermediate'),(106,106,'Intermediate  '),(111,111,'Professional'),(124,124,'Professional'),(136,132,'Intermediate'),(143,143,'Intermediate'),(187,187,'Beginner'),(420,420,'Professional'),(456,2023,'Professional'),(475,425,'Professional'),(475,777,'Intermediate'),(500,455,'Professional'),(666,666,'Advance Mastery'),(991,991,'Ace'),(1000,1000,'Professional'),(1124,4,'Professional'),(1214,1214,'Professional'),(1221,37,'Non Professional'),(1818,1818,'Professional'),(2121,2121,'Professonal'),(4420,619,'Professional'),(8223,822,'Professional'),(9080,29,'Advanced 2'),(9999,9999,'Professional'),(12345,12345,'Beginner'),(14369,14369,'Mythical Glory'),(20203,20203,'Professional'),(55555,55555,'Entry Level'),(69120,69001,'Professional'),(70121,9090,'Professional'),(76446,76444,'Professional'),(81111,90001,'Professional'),(81112,90002,'Advanced'),(90446,90444,'Professional'),(90809,9082122,'Professional'),(122213,913,'Advance'),(134811,134811,'Average'),(200021,200021,'Entry-level'),(202080,202080,'Professional'),(202081,202081,'Professional'),(711711,201880066,'LEVEL 1'),(1170135,1170131,'High'),(5555555,51555,'Newbie'),(20231126,202080491,'Professional'),(20502050,201880036,'SUPER SAIYAN'),(201980339,201980339,'Amateur'),(202080035,202080035,'Average'),(202080044,202080044,'Professional'),(202080457,202080457,'Average'),(202080473,202080473,'Average'),(202080476,202080476,'Professional'),(202180032,202180032,'Basic'),(202180036,202180036,'High-Level'),(202180157,202180157,'Average'),(202180343,202180343,'Above Average'),(202180383,202180383,'God level'),(202180384,202180384,'Advanced'),(1212783718,2147483647,'Professional'),(2020100612,2020100612,'PROFESSIONAL'),(2021001132,81233,'Average'),(2147483647,202143145,'Professional ');
/*!40000 ALTER TABLE `skills_has_employees` ENABLE KEYS */;
UNLOCK TABLES;

--
-- Table structure for table `students`
--

DROP TABLE IF EXISTS `students`;
/*!40101 SET @saved_cs_client     = @@character_set_client */;
/*!50503 SET character_set_client = utf8mb4 */;
CREATE TABLE `students` (
  `idstudents` int NOT NULL AUTO_INCREMENT,
  `Program` varchar(45) DEFAULT NULL,
  `Block` int DEFAULT NULL,
  `last_name` varchar(45) DEFAULT NULL,
  `first_name` varchar(45) DEFAULT NULL,
  PRIMARY KEY (`idstudents`)
) ENGINE=InnoDB AUTO_INCREMENT=2021100184 DEFAULT CHARSET=utf8mb4 COLLATE=utf8mb4_0900_ai_ci;
/*!40101 SET character_set_client = @saved_cs_client */;

--
-- Dumping data for table `students`
--

LOCK TABLES `students` WRITE;
/*!40000 ALTER TABLE `students` DISABLE KEYS */;
INSERT INTO `students` VALUES (0,'',0,'',''),(1,'BSIT',1,'Timones','Remark'),(2,'BSIT',3,'Abarracoso','Marclin'),(3,'BSIT',69,'Nepomuceno','Mark Dhenniel'),(4,'BSIT ',99,'Valmoria','Jemeric'),(30,'BSIT',3,'Relata','Raquel'),(31,'BSCS',3,'Cayabyab','Charls Brent'),(32,'BSCS',3,'Mendoza','Jomari'),(33,'BSIT',1,'Carabot','Jameson Mark'),(36,'BSIT',1,'Cantado','Aizel'),(38,'BSIT',1,'Cinco','German'),(39,'BSIT',1,'Azucena','Reymart'),(40,'BSIT',1,'Combinido','Richo '),(41,'BSIT',3,'Sangalang','John Dexter'),(42,'BSIT',1,'Mahinay','Cyver'),(49,'BSIT',1,'Dela Concepcion','Noe'),(54,'BSIT',4,'Indiana','Indira'),(55,'BSCS',1,'Aldrin','Delicias'),(59,'BSIT',1,'Wahab','Al-nizar'),(60,'HRM',3,'Sam','Gorgie'),(61,'HRM',3,'Sam','Gorgie'),(62,'BSIT',1,'Mendez','John Aivanne '),(63,'HRM',3,'Sam','Gorgie'),(64,'HRM',3,'Sam','Richard'),(67,'BSIT',3,'Salvatierra','Don Angel Lou'),(68,'BSIT ',3,'Ombe','Angelyn'),(69,'BSCS',1,'Pasamonte','Rovick Anthony'),(71,'BSCS',1,'Singson','Allyne'),(72,'BSCS',3,'Buesa','Zoe'),(81,'BSCS',1,'Malate','Jose Ramil'),(82,'BSCS',1,'Lomuntad','Maui Azryl'),(85,'bscs',10,'clifford','serge'),(86,'dvdv',0,'vdv','dvd'),(87,'BSCS',1,'Jacobo','Kevin Cesar'),(88,'BSCS',1,'Panes','Joshua'),(90,'BSCS',1,'Lucio','Lorenz'),(93,'BSCS',1,'Panes','Zaj'),(94,'BSCS',1,'Dugelio','John Allen'),(95,'BSCS',1,'Peralta','Kenneth'),(97,'BSCS',1,'Dangan','Obrien Troy'),(98,'BSCS',3,'Basig','John Clyde'),(99,'BSCS',1,'Dugelio','John Allen'),(102,'BSES',6,'Carabot','JM'),(103,'BSCS',1,'Abela','Nikita'),(104,'trylang',1,'gadog','long'),(105,'BSCS',1,'Gadiano','John'),(106,'BSCS',1,'Almojuela','Carljay'),(107,'BSCS',1,'Acosta','Khalil Angelo'),(109,'BSCS',1,'Malate','Jose Ramil'),(111,'BSCS3',0,'Almojuela','Carljay'),(112,'BSCS',1,'Nicanor','Diane Joy'),(113,'BSCS',0,'Dangan','Obrien Troy'),(118,'BSCS',1,'Singson','Edited-Allyne'),(120,'BSCS',3,'Fernandez','noname'),(121,'BSCS',1,'Tibudan','Joshua Serge'),(122,'BSCS',1,'Gadiano','John'),(123,'BSCS3',0,'Almojuela','Carljay'),(124,'BSCS',1,'Lucio','Lorenz'),(126,'BSCS',1,'Janoras','Kenneth'),(128,'BSCS',1,'Rabang','Jacob'),(129,'BSCS',1,'Formento','Luin'),(130,'BSCS',1,'Formento','Luin'),(133,'bsit',1,'Dalimocon','Ian Gabriel'),(135,'bscs',1,'lakas','jejemoto'),(136,'bscs',4,'dela cruz','juan'),(137,'BSCS',1,'Gillona','Irish Jean'),(140,'bscs',2,'Calan','Michael Joshua'),(141,'BSCS',0,'Creador','Mark Christian'),(144,'BSCS',2,'Cabilar','Jessica'),(145,'BSCS',0,'Creador','Mark Christian'),(146,'BSCS',2,'Espina','Vince Borgy'),(148,'BSCS',2,'Alili','Philip Arland'),(149,'BSCS',2,'Paredes','Mel Joseph'),(150,'BSCS',2,'Blas','John Cletus'),(151,'BSCS',0,'Conde','Jan Ivn Anthony'),(152,'BSCS',2,'Conde','Jan Ivn Anthony'),(153,'BSCS',2,'Cabrera','Harry Ericson'),(154,'BSCS',2,'Panolino','Elsid Rick'),(156,'BSCS',2,'Alabastro','Carl Vincent'),(159,'BSCS',2,'Iquin','EDITED- Tiffany'),(160,'BSCS',2,'Serencio','Jason Maverick'),(162,'BSCS',0,'Dacallos','David Karl'),(163,'BSCS',2,'tubo','edited-cristy'),(165,'BSCS',2,'Cervantes','Jobelle'),(166,'BSCS',2,'Katon','Kate Andrea'),(167,'BSCS',2,'Cervantes','Jobelle'),(168,'BSIT',2,'Bacaltos','Barysh Nikov'),(169,'BSCS',0,'Basig','John Clyde'),(170,'BSCS',3,'Blas','Jose Miguel'),(171,'BSCS',3,'mendoza','jomari'),(172,'BSCS',3,'MATILLANO','ROCHELLE'),(173,'BSCS',3,'Sabandal','Synteche'),(176,'BSIT',0,'Heredero','Ailene Grace'),(177,'BSCS',3,'Blas','Jose Miguel'),(178,'BSCS',3,'Quizon','Samantha Anne'),(179,'BSIT',0,'Apolinar','Shervielyn Jane'),(180,'BSCS',3,'Pastor','Mikhaela'),(181,'BSCS',3,'Baute','Norkizah'),(183,'BSIT',1,'Apolinar','Shervielyn Jane'),(184,'BSIT',3,'Heredero','Ailene Grace'),(186,'BSIT',0,'Ibrahim','Queanna Brittany'),(187,'IT',0,'ABIA','Nathalie'),(188,'IT',0,'Buo','Maria Eloiza'),(189,'BSIT',0,'Buo','Maria Eloiza'),(190,'BSCS',3,'Mendoza','Jomari'),(191,'BSIT',0,'Cafugauan','Bhea'),(192,'BSCS',2,'Olarte','Arnaldo'),(198,'BSCS',0,'Cosinas','Charles'),(201,'Computer Science',3,'Ortega','Yuxuf Xander'),(202,'BSCS',3,'Ortega','Yusuf Xander'),(205,'BSCSA',24,'Cry Baby','DK Vann '),(206,'BSCS',3,'Sabroso','Dean Clifford'),(207,'na-thanos',10,'hehe','sorry'),(208,'BSCS',3,'Sabroso','Dean Clifford'),(210,'BSCS',3,'Mamaril','Aubrey Karylle'),(211,'BSIT',2,'Nolasco','Ric Ryan'),(212,'BSCS',2,'Galicia','Milky Mae'),(213,'BSCS',1,'Galicia','Milk Mae'),(215,'BSIT',2,'Herrera','Jillian Mae'),(216,'BSCS',2,'Santos','Lady Princess'),(220,'BSIT',2,'Navia','Rose Ann'),(221,'bscs',0,'Calilung','Reodel'),(233,'BSIT',3,'Daquioag','Chris Daniel '),(254,'BSIT',3,'Cabrestante','Jubil'),(258,'bsit',0,'Gabayan','Angel Mae'),(261,'',10,'edit','for '),(271,'bsit',2,'MAGNOLIA','francis'),(288,'BSIT',3,'RELATA','ROCHELLE'),(294,'bsit',2,'Gg','Emmanuel'),(297,'BSIT',69,'Xina','Zhong'),(307,'BSIT',2,'Prado','Carlota'),(309,'BSIT 3',2,'Paalan','Cy Allene'),(316,'bsit',2,'lowes','jasten luwis'),(319,'BSIT3',2,'Lee','Jarette'),(326,'BSIT',2,'Dignadice','Danielle'),(338,'BSIT',3,'Masculino','Eron Rei'),(343,'BSIT',2,'Remy','Rei Rei'),(345,'BSIT',2,'Sibugan','Austin Clyde'),(351,'BSIT',2,'Tizon','Kurt kevin'),(356,'bsit',2,'Esmeralda','Marvin'),(359,'BSIT',3,'Sendito','Charilyn'),(362,'BSIT',0,'Tu ','Wi'),(363,'BSIT',2,'Habala','Sandy'),(366,'BSIT',2,'James','Librong'),(368,'BSIT3',0,'Poliran','Francis'),(370,'BSIT',2,'Gabuco','Adrian'),(386,'BSIT',2,'Pagayon','Mark Andrew'),(395,'BSIT',3,'bananas','benji'),(396,'BSIT',2,'Nolasco','Ric Ryan'),(401,'BSIT',2,'Esmeralda Supot','Marvin'),(406,'BSCS',1,'Batoon','Jeha'),(414,'cs',1,'Lucio','Lorenz'),(415,'BSCS',1,'Panis','Zaj Kenneth'),(418,'BSCS',1,'Abela','Nikita'),(420,'BSCS',1,'Acosta','Khalil Angelo'),(421,'BSCS',1,'Janoras','Kenneth'),(424,'BSCS',1,'Sacay','Reinhard Jake'),(426,'BSCS3',0,'Janoras Bolbol',''),(428,'BSCS',1,'Gillona','Irish Cute'),(430,'BSCS',1,'Mirasol','Altbirth'),(436,'BScs',1,'Gadiano','John'),(437,'BSCS',1,'Pasam','Rovick Anthony'),(440,'BSCS',1,'Delcomi','Jofers'),(445,'BSCS ',1,'Lota','arvin'),(451,'BSCS',2,'Gamboa','April meow'),(453,'troy',0,'troy','troy'),(455,'BSCS',1,'Janoras','Kenneth Clifford'),(458,'BSCS',2,'Alili','Philip Arland'),(459,'BSCS B2',2,'Juanich ','Emmanuel'),(460,'meow',0,'Kitler','Adolf'),(464,'BSCS',2,'Paredes','Mel'),(470,'BSCS',3,'DIONG','LIEZEL JAY'),(474,'troy',0,'dangan','obrien troy'),(479,'BSCS',3,'Dacallos','David Karl'),(490,'BSCS',2,'Dacallos','David Karl'),(491,'program',2,'Abian','Vincent '),(496,'BSCS',3,'Ng','Marco'),(497,'BSCS',3,'Ng','Kristian Marc Anthony'),(499,'BSCS',3,'Sabroso','Dean'),(502,'BSCS',2,'Tubo','Mark'),(508,'BSCS',3,'Sabandal','Synteche'),(511,'BSCS',2,'Cabilar','Jessica'),(513,'BSCS',3,'Sabroso','Dean Clifford'),(516,'BSCS',3,'Ombe','Alvin'),(517,'BSCS',3,'Mendoza','Jomari'),(520,'BSCS',2,'Celis','Nico'),(522,'BSIT',3,'Tablatin','Sairah Faith'),(524,'BSCS',3,'Ng','Kristian Marc'),(525,'BSCS',3,'Basig','John Clyde'),(526,'BSIT',3,'Ibrahim','Queanna Brittany'),(532,'BSIT',2,'Hachero','Anniza'),(533,'BSIT',2,'Hachero','Anniza'),(536,'asdf',11,'asdf','asdf'),(538,'BSIT',1,'Palmes','Kenneth'),(539,'BSCS',1,'Batoon','Jeha'),(540,'BSIT',1,'Lazarte','Yuan Nico'),(541,'BSIT',3,'Baiddin','Tracer Bench'),(542,'BSIT',3,'Demadura','Michael Angelo'),(543,'BSCS',3,'Repoylo','Jessa Rey'),(544,'BSIT',1,'Familaran','Kier Wilson'),(555,'BSIT',3,'Lagutan','Jay Evan Willis'),(556,'BSIT',3,'Relata','Raquel'),(558,'BSIT',3,'Brizo','Ria joy'),(559,'BSCS',1,'Janoras','Kenneth'),(660,'BSIT',1,'Macalinao','John Bryan'),(661,'BSCS',2,'Abian','Vincent Adrian'),(662,'BSIT',3,'Mapa','Ken Randolf'),(663,'BSIT',2,'Elorde','Justine Luis'),(666,'BSIT',3,'Agum','Ronillynuel James'),(999,'BSCS',1,'Singson','Allyne'),(9091,'BSCS',1,'Gillona','Irish Jean'),(9092,'BSIT',3,'Elanan','Verna Karylle'),(20203,'BSCS',3,'OZOA','RENZ CARL'),(55155,'BSIT',1,'Cantado','Aizel'),(55555,'BSIT',2,'Cabangbang','Bjan Cymar'),(102030,'BSIT',1,'Azucena','Reymart'),(202080,'BSCS',2,'Galicia','Milky Mae'),(201880069,'BSIT',1,'Cinco','German'),(201980339,'BSCS',3,'Ortega','Yusuf Xander'),(202080035,'BSIT',3,'Dalimocon','Ian Gabriel'),(202080457,'BSCS',2,'Acepcion','Apple Ace'),(202080473,'BSCS',2,'Katon','Kate Andrea'),(202080476,'BSCS',3,'Mamaril','Aubrey Karylle'),(202143148,'BSIT',3,'Lambon','Drexzel Paul'),(202180210,'BSIT',2,'Suranol','Princess Aira'),(202180249,'BSIT ',2,'Gardose','Melodie'),(202180343,'BSCS',3,'Tubo','Cristy'),(2020100612,'BSIT',1,'Dela Concepcion','Noe'),(2020110234,'BSIT',1,'Sola','Alondra'),(2020120085,'BSIT',1,'Molato','Jeffe'),(2021100183,'BSIT',2,'Esmeralda','Marvin');
/*!40000 ALTER TABLE `students` ENABLE KEYS */;
UNLOCK TABLES;

--
-- Table structure for table `trainings`
--

DROP TABLE IF EXISTS `trainings`;
/*!40101 SET @saved_cs_client     = @@character_set_client */;
/*!50503 SET character_set_client = utf8mb4 */;
CREATE TABLE `trainings` (
  `idtrainings` int NOT NULL,
  `training_venue` varchar(45) NOT NULL,
  `training_type` varchar(45) NOT NULL,
  `start_date` date NOT NULL,
  `end_date` date NOT NULL,
  `training_title` varchar(45) NOT NULL,
  `institutions_idinstitutions` int NOT NULL,
  PRIMARY KEY (`idtrainings`),
  KEY `fk_trainings_institutions1_idx` (`institutions_idinstitutions`),
  CONSTRAINT `fk_trainings_institutions1` FOREIGN KEY (`institutions_idinstitutions`) REFERENCES `institutions` (`idinstitutions`)
) ENGINE=InnoDB DEFAULT CHARSET=utf8mb4 COLLATE=utf8mb4_0900_ai_ci;
/*!40101 SET character_set_client = @saved_cs_client */;

--
-- Dumping data for table `trainings`
--

LOCK TABLES `trainings` WRITE;
/*!40000 ALTER TABLE `trainings` DISABLE KEYS */;
INSERT INTO `trainings` VALUES (0,'City Coliseum','Ethical Hacking and Penetration Testing','2023-07-25','2024-02-25','Cyber Sentinel Training Program',23),(1,'TechHub Training Center','Cybersecurity Certification Course','0000-00-00','0000-00-00','Advanced Cyber Defender Certification',1),(2,'TechXcel Training Hub','Data Science and Analytics','2020-03-03','2020-03-10','DataXcel: Applied Data Science and Machine Le',2),(3,'Zoom Meeting ','Web Design and Programming','2020-05-15','2020-05-30','Beginner Full Stack Web Development: HTML, CS',2),(4,'Beijing China','Web Design and Ethical Hacking','2023-11-20','2024-01-01','Reaching the world of Ethical Hacking',11),(5,'TNC Training Hub','Introduction for  Back-end Developer','2023-10-08','2023-10-20','Basic Information about Back-end programming',10),(6,'The Louis V. Gerstner, Jr. Center for Learnin','Technical Training','2023-11-01','2024-03-10','Mastering IT Essentials: Building Core Techni',12),(7,'IT Training Hub','Project Manager','2020-07-30','2023-11-23','Training for All Aspiring Project Manager',16),(8,'Ateneo de Manila University','Front End Engineering','2021-01-01','2021-06-30','\"Entering the World of a Software Engineers\"',17),(9,'Oscorp Industries','Coding Bootcamp','2020-05-04','2020-05-29','Dev Bootcamp',44),(10,'IAS Common Ground, G11, Ground floor, South W','Workshop','2023-12-13','2023-12-13','IAS Early Career Network: The Elevator Pitch ',53),(13,'Ausphin Hub','Web Development','2023-12-01','2023-12-07','Web Development Bootcamp: Learn and Launch Yo',13),(14,'CodeCraft Learning Hub','Information Systems','2023-11-11','2023-11-20','Elevate Your IT IQ: Advanced Information Syst',14),(15,'NU Manila','Technical','2022-05-05','2022-06-01','Captain Course',19),(16,'TechNest Learning Hub','Computer Science','2022-05-12','2022-05-17','Data Structures and Algorithms Mastery',16),(17,'Harvard University','Artificial Intelligence','2023-06-21','2023-06-24','Introduction to Artificial Intelligence with ',12),(18,'Home','Coaching','2023-05-17','2023-09-23','Advanced algorithm on cloud computing',27),(19,'Abueg High School','IT training program','2022-02-01','2022-02-12','Comprehensive IT Skill Development Program',28),(20,'West Ford ','Information Technology Program','2023-12-01','2024-01-21','Become an Analyst in All Aspect',30),(21,'Online','Software Development','2023-11-23','2024-11-23','Learn, understand and execute on the three ov',32),(22,'Jeju Island','UI/UX','2023-01-23','2023-01-24','User-Centered Design: Mastering UI/UX Princip',31),(23,'Cable Crimping','network engineering','2023-11-22','2024-11-22','Network Export',37),(24,'Greed Island','Data analytics','2023-05-23','2024-01-05','listen,look and listen and learn',36),(25,'University Sa Tiniguiban','Database Management System','2023-11-11','2023-11-22','Mastering Database Management Systems: From F',33),(26,'Stark Tower','AI creation','2023-12-25','2076-01-01','Creating Ultron',38),(27,'Saint Calling IT Camp','Programmer\'s Values and Ethics','2023-09-02','2024-09-09','How to be an apex programmer',39),(28,'Pentest Ins.','Penetration testing workshop','2023-11-22','2023-12-29','Built fo penetration tester your tools to get',6),(30,'IT Training Center','Mobile App Development','2023-12-16','2023-12-20','Hands-on practice on how to develop mobile ap',4),(31,'Oracle Center','Service Management Training','2023-11-11','2023-11-18','One Service One Way',42),(32,'Canada Training Center','Game Development','2023-01-13','2023-06-01','Game Development Finest',51),(33,'Camella Homes','Google IT Support','2023-02-15','2023-04-15','Google Enthusiast Convention',71),(34,'URBN QC','IBM IT Support Training','2023-08-10','2023-10-10','IT Professionals League',72),(35,'Holy Place','Web Delelopment Seminar','2023-10-23','2023-11-10','Web Development',45),(36,'Asturias Hotel','Workshop','2023-05-06','2023-06-30','Effective IT Change Management Practitioner',96),(37,'IGIS Headquarter','On the job training','2023-05-20','2023-10-20','Geospatial and Environment Analysis',33),(40,'Palawan State University','Bootcamp','2023-03-10','2023-03-15','Data management and visualization',50),(46,'Seishun Academy','Anime Designing and Animation','2023-01-15','2024-01-15','Anime Development',23),(50,'National Innovation Hub','Symposium','2023-05-16','2023-05-18','IT Innovation and Emerging Technologies Forum',52),(55,'University Performance Art Center','Workshop','2022-10-10','2022-10-12','Web Designing Program',2),(60,'Cloud Academy Training Center','Architecture Bootcamp','2023-11-16','2023-11-20','Mastering Cloud Solutions Architecture',60),(62,'Microsoft Visitor Center','Online','2023-12-24','2023-12-29','Backup & Recovery: Business Continuity & Disa',62),(63,'Microsoft Headquarters','Hands-on Experience','2023-06-22','2023-12-18','Systems administration tools and technologies',63),(64,'Costa Palawan','Workshop Training','2023-11-05','2023-11-15','Technology and Management Training',64),(65,'DataSculpt Innovations Hub','Seminar','2023-05-02','2023-05-03','Implementing Quantum-Inspired Machine Learnin',125),(69,'Computer Lab at a Technical Training Center','Software Development Bootcamp','2023-08-19','2023-09-15','CodeCraft: Intensive Software Development Boo',69),(70,'Common Wealth Institute','Mechanical Web','2023-09-08','2029-09-08','Web application Engine',70),(71,'Zoom Meeting','Workshop','2023-12-03','2023-12-05','Data Analysis with Python',73),(88,'Technology University','Full Stack Development','2023-02-01','2023-02-15','Ellon X:Full Stack Invitational ',88),(98,'Harvard University','Code Camp','2021-01-01','2023-12-31','Web Dev',98),(99,'Unibersidad sa Palawan','Software Engineering','2023-06-06','2023-06-08','Introduction to Sofware Engineering',101),(100,'Nagaoka University of Technology','Geographic Information System Certification t','2023-01-01','2023-03-03','GIS Specialist Training',3),(101,'Aziza Hotel','Workshop','2021-01-01','2021-07-01','A Comprehensive Training for IT Support Speci',46),(102,'LPU Manila College of Technology','Online Seminar','2021-05-08','2021-05-08','BS Esports Program orientation.',0),(103,'QuantumTech Center for Innovation','Advanced Cybersecurity Symposium','2023-03-15','2023-04-17','CyberGuard Mastery: Defending the Quantum Fro',103),(104,'Zoom Meeting','Webinar','2023-11-24','2023-11-25','Basics of Ethical Hacking',104),(106,'Enchanted Academy','Imaginative Technology Workshop','2024-01-15','2024-01-17','Unleashing Creative Possibilities: Exploring ',106),(110,'Home Study','Online','2023-01-23','2023-06-23','Google IT Support Professional Certificate',109),(111,'University Computer Laboratory','Website Development','2021-01-01','2021-02-02','Entering the World of Software: A Website Dev',2),(121,'De Verde Conference Center','Seminar and hands-on training','2023-03-09','2023-03-12','Introduction to NLP',347),(122,'Asturias Hotel','workshop','2020-11-10','2020-11-10','Certification Training for Data Privacy Offic',12),(124,'CyberGuard Training Center','Hands-On Workshop','2023-01-10','2024-02-07','Securing the Digital Fortress:CompTIA Securit',124),(132,'City Colliseum','Data Analysis','2023-02-22','2023-08-22','Advanced Data Analysis',19),(143,'University of the Philippnes','Data Visualization','2023-01-20','2023-05-30','Data Visualization & Dashboarding with R Spec',15),(187,'Google HQ','Data Security','2019-02-14','2019-12-12','WhiteHat: Google Security ',187),(321,'Tech Hub B','Seminar','2023-02-05','2023-02-08','Cybersecurity Essentials',2),(367,'PDDRMO Compound','Forensic','2021-03-23','2021-06-12','Determine search patterns',12),(369,'Saitama Center Tech','Online','2024-01-08','2024-01-13','Web development',114),(405,'Marina Bay Sands, Singapore','Seminar','2020-10-10','2020-10-17','Strategic IT Policy Management',401),(406,'Washington, D.C., United States','Workshop','2018-07-12','2018-07-26','Behavioral Analysis in Cyber Investigation',404),(420,'Online','Front&Backend Development','2023-11-24','2023-12-24','Full-Stack Mastery',420),(425,'Innovation Hub','Workshop','2023-03-10','2023-03-14','Comprehensive UI/UX Design Course',12),(471,'TechHub Canada','Microsoft Certified: ','2023-11-24','2024-01-24','Microsoft Certified: Azure Administrator Asso',47),(512,'Valorant','Gaming','2023-11-26','2023-11-29','To Kill Noobs',5),(555,'Bahay Namin','Error lookup','0001-01-01','0002-02-02','Risk Analyzing',5555),(568,'World Trade Center','Seminar','2021-04-01','2023-04-03','web and developing Techniques',450),(666,'World Trade Center','Workshop','2000-01-01','2001-10-11','Aspect Data Analytics',666),(888,'Coliseum','UI/UX','2023-01-15','2023-01-18','Dream, Believe',37),(987,'Pac Palawan','Workshop','2023-12-12','2024-12-12','WebDev',456),(989,'San Jose University','Workshop','2020-01-12','2021-01-12','Compendium pen of freedom',2),(991,'Alcatraz','Workshop','2015-01-02','2015-05-05','Masteral of Prison Break',991),(1000,'Department of Computer Science','Design and Engineering','2020-01-01','2024-02-02','Cloud Network Engineering Development',1000),(1001,'Accenture Innovation Hub','Bootcamp','2022-01-02','2022-06-02','Understanding Technology and Data',101),(1002,'Quito','Workshop','2021-09-18','2023-05-19','Review of Related Literature',0),(1129,'Mapua University','Cyber Security Workshop','2020-08-03','2020-08-05','Google Professional Cloud Security Engineer',0),(1212,'Santo Thomas Academy','Quality Assurance','2022-09-10','2023-11-11','Quality Assurance Regression Practice',20),(1214,'PPSAT','Technical support','2023-01-20','2023-01-30','Pioneers of Productivity',48),(1313,'Renward Arena','Workshop','2023-10-23','2023-10-28','Network Management',1312),(1818,'Asturias Hotel','UI Desgin Conference','2023-01-10','2023-01-10','Navigating the Future of UI Design',1818),(2121,'Wakanda','Technology Skills Training','2023-05-19','2023-05-19','Vibranium Technology Training',2121),(2212,'PalSU Performing Arts Center','Seminar','2023-12-05','2023-12-07','Natural Language Processing Training',110022),(2309,'Computer Studies Department','Bootcamp','2024-11-12','2025-02-27','VMWare Certified Technical Associate - Networ',2309),(4420,'Rangsit University','Soft Skills Training','2023-01-01','2023-02-01','Cultivating Professional Excellence',4420),(8227,'Asturias Hotel','Web Development Seminar','2023-05-03','2023-05-05','Website Development',2),(8764,'Hotel Centro','Workshop','2023-02-14','2023-01-18',' Front-End Development Mastery',245),(9092,'Blue Origin Center','Computer Networking ','2022-07-17','2023-02-11','Network Technology Development ',451),(9999,'Tech Conference Center','Workshop','2023-01-15','2023-01-18','Advanced Software Engineering Techniques',37),(12345,'TechDev Conference Center','Workshop','2022-11-23','2022-11-23','Web Development',12345),(20178,'Ninja Training Hub','Cybersecurity Career','2023-11-26','2023-11-29','CyberResilience: Mastering Security in the Di',0),(20203,'Mcdo San Pedro','Workshop','2023-05-12','2023-05-12','Game Character Design',202080089),(20231,'Harvard University','Full Stack Development','2021-03-23','2021-04-23','Website Development',0),(33332,'Boracay Computer Hall','Performing Troubleshoot','0000-00-00','0000-00-00','Assistance and Guidance in Informatio Technol',0),(55555,'United Kingdom','Workshop','2023-04-15','2023-05-16','WebDiv Convention',55555),(69120,'TechForge Academy','Engine Developer','2022-06-15','2023-01-10','Advanced Game Engine Development',450),(75300,'Asturias Hotel','Web Development Seminar','2023-05-03','2023-05-05','Web Development',75300),(76501,'TechDev Conference Center','Workshop','2023-01-15','2023-02-18','Advanced DevOps Engineering Techniques',76449),(80123,'SM Palawan','Workshop','2023-05-11','2023-05-25','Advanced Neural Networks',76454),(84878,' XYZ Tech Hub, Cityville, State','Full-stack Web Development Bootcamp','2024-01-15','2024-04-30','CodeCraft: Full-stack Mastery Bootcamp',0),(85000,'TechHub Training Center','Advanced Machine Learning and Deep Learning M','2022-04-11','2022-06-12','Data Science Essentials: From Foundations to ',76452),(90013,'Akita, Japan','Animation Workshop','2023-02-14','2023-05-12','Animation can be a demanding field that requi',0),(90197,'Sunny\'s Dining','Cooking Workshop','2024-02-10','2024-03-10','Korean Traditional Dessert Rice Cake Making C',90197),(90501,'GameDev Conference Center','Workshop','2023-01-15','2023-12-18','Advanced Game Engineering Techniques',90449),(90809,'NBA training camp 2022','offseason work out','2022-02-15','2023-02-20','NBA training camp 2022',90809),(99999,'Shibuya','Wrestling','2025-10-20','2050-05-10','Fighting Sukuna',20182018),(134811,'University of Manila ','Workshop','2023-12-10','2024-01-12','WebDev Convention',134811),(200021,'Malabon I.T Developers City','Bootcamp','2020-01-23','2020-07-20','Front-End Web Developing',200021),(202080,'Madrigal University','Workshop','2020-08-17','2022-05-12','Certified Information Systems Security Profes',0),(202081,'Robinsons\' Place Palawan','Workshop','2019-05-25','2021-03-24','Certification of Being Certified',202081),(215267,'Baby Chicago','Webinar','2021-11-12','2022-06-25','Techleadership',0),(246810,'Fast Lane US','Workshop','2021-09-18','2021-11-20','AWS Certified SysOps Administrator Associate ',246810),(273535,'Baby Chicago','PMP Certification','2022-01-01','2023-01-01','TechLeadership Training',0),(1170132,'MCW Tech Compound','Collaborative Training Program','2023-09-30','2023-12-30','CGI and VR innovation',314159265),(10262023,'Zoom Mettings','Webinar','2023-07-12','2023-07-29','The Basics of Soldering Electronics',0),(20231130,'Discord','Webinar','2023-10-28','2023-11-28','Intensive Training Program',20231129),(22180208,'BugaBuga place','Workshop','2020-08-30','2020-08-30','Certified bugabuga developer',0),(201980339,'Online','Online workshop and teambuilding','2023-01-01','2023-01-01','medical imaging data analysis',201980339),(201980356,'Palawan','Workshop','2023-11-30','2024-03-27','Cyber Attacks',0),(202080016,'Ainsoft','Designing career','2022-08-29','2022-12-01','Fluency in game designing/develop',202080016),(202080035,'Sky Lodge','Workshop','0000-00-00','2021-12-03','Front-End Developer',202080035),(202080044,' Skylight Summit Conference Center','Advanced Cybersecurity Workshop','2023-05-14','2023-05-15','CyberGuard Pro: Mastering Advanced Threat Def',202080044),(202080061,'Hue Hotel','Workshop','2023-03-19','2023-03-25','Cyber Security and Data Privacy',202080061),(202080095,'To The Moon','Workshop','2023-09-11','2023-09-17','Bugs Attack',0),(202080135,'Kamogawa Center','Workshop','2022-08-21','2023-08-22','Certified Roblox Game Developer',202080135),(202080160,'Nagoya Center ','Webinar','2020-01-01','2020-02-01','GIAC Certified Forensic Analyst (GCFA)',202080160),(202080457,'Costa Palawan Resort','Workshop','2023-11-08','2023-11-09','ICT SKILLS ROADMAP DEVELOPMENT WORKSHOP',202080457),(202080463,'Skydome Arena ','Artificial Inteligence for Smartphones','2023-02-01','2023-02-05','Galaxy AI  a comprehensive mobile AI experien',202080463),(202080473,'A&A Plaza Hotel','Seminar','2023-11-28','2023-11-29','Designing and Developing software application',202080473),(202080476,'Skylight covention center','Workshop','2023-03-15','2023-03-18','Operating software and hardware',202080476),(202080497,'Univeristy of the Cordilleras','Seminar','2023-08-29','2023-08-29','Empowering Learning with AI-Powered ChatBots',202080497),(202110007,'Zoom Meeting','Online','2023-02-01','2023-05-20','Front and Backend Fundamentals',2021100007),(202143149,'Heu Hotel','Workshop','2024-06-20','2024-06-20','Ethical Hacking',202143147),(202180012,'PalawanSU Library - American Corner','Workshop','2023-11-28','2023-11-30','Digital Canvas: Multimedia Crafting and Creat',2),(202180032,'SUN','Workshop','1901-01-01','2000-01-01','Tehnical Training',202180032),(202180036,'Firing Range','Close Quarter Combat','2002-10-22','2069-11-11','Prey vs Predator',202180036),(202180157,'Butterfly Garden','Workshop','2023-05-17','2023-12-05','Front End Developer',202180157),(202180200,'D&S Support Center','Workshop','2023-02-02','2023-05-05','Technical Training',202180210),(202180249,'HCL Technologies Company','Workshop','2023-01-14','2023-07-20','IT Technician Training: Hardware and Software',246810),(202180343,'Accenture Centre','Workshop','2023-11-26','2023-11-26','Software Development using PHP and C#',202180343),(202180362,'Quantum Nexus Institute','Quantum Cyber Alchemy Immersion','2023-05-03','2023-07-18','Quantum Guardian Certification Program',202180362),(202180383,'Gulag','Workshop','2022-05-23','2022-05-23','Introduction to Basics of Augmented Reality',202180383),(202180384,'The White House','Workshop','2022-09-11','2022-09-11','Back-End Web Developer',202180384),(711711711,'Grandline','Fishing','2023-01-23','2027-04-01','Bring Down Kaido',2018711),(2020100612,'New Vesion ','workshop','2023-09-25','2023-09-28','Testing and Advance Testing Function ',2020100612),(2020101111,'City Coliseum','Workshop','2023-05-19','2023-05-19','Phishing attacks Training',2020800411),(2020810710,'Japan','Workshop','2024-01-20','2024-02-20','Video Game Design ',2020801710),(2023237188,'Saturn','Workshop','2023-09-13','2023-10-19','Cyber Attacks',2023200101);
/*!40000 ALTER TABLE `trainings` ENABLE KEYS */;
UNLOCK TABLES;

--
-- Table structure for table `user`
--

DROP TABLE IF EXISTS `user`;
/*!40101 SET @saved_cs_client     = @@character_set_client */;
/*!50503 SET character_set_client = utf8mb4 */;
CREATE TABLE `user` (
  `user_id` int NOT NULL AUTO_INCREMENT,
  `employees_id` int DEFAULT NULL,
  `username` varchar(45) DEFAULT NULL,
  `password` varchar(255) DEFAULT NULL,
  `last_login` datetime DEFAULT NULL,
  `is_active` tinyint DEFAULT NULL,
  `created_at` datetime DEFAULT NULL,
  `updated_at` datetime DEFAULT NULL,
  `employee_email` varchar(100) DEFAULT NULL,
  PRIMARY KEY (`user_id`),
  KEY `employees_id` (`employees_id`),
  KEY `employee_email` (`employee_email`),
  CONSTRAINT `user_ibfk_1` FOREIGN KEY (`employees_id`) REFERENCES `employees` (`idemployees`),
  CONSTRAINT `user_ibfk_2` FOREIGN KEY (`employee_email`) REFERENCES `employees` (`email`)
) ENGINE=InnoDB AUTO_INCREMENT=13 DEFAULT CHARSET=utf8mb4 COLLATE=utf8mb4_0900_ai_ci;
/*!40101 SET character_set_client = @saved_cs_client */;

--
-- Dumping data for table `user`
--

LOCK TABLES `user` WRITE;
/*!40000 ALTER TABLE `user` DISABLE KEYS */;
INSERT INTO `user` VALUES (12,69001,'John Bryan','$2y$10$T75CdHyw.r2iyC7r1ylCM.o00dQWm7.PtlUZ7jB7X1ZsPEVltiFim',NULL,NULL,'2023-12-28 15:48:53',NULL,NULL);
/*!40000 ALTER TABLE `user` ENABLE KEYS */;
UNLOCK TABLES;
/*!40103 SET TIME_ZONE=@OLD_TIME_ZONE */;

/*!40101 SET SQL_MODE=@OLD_SQL_MODE */;
/*!40014 SET FOREIGN_KEY_CHECKS=@OLD_FOREIGN_KEY_CHECKS */;
/*!40014 SET UNIQUE_CHECKS=@OLD_UNIQUE_CHECKS */;
/*!40101 SET CHARACTER_SET_CLIENT=@OLD_CHARACTER_SET_CLIENT */;
/*!40101 SET CHARACTER_SET_RESULTS=@OLD_CHARACTER_SET_RESULTS */;
/*!40101 SET COLLATION_CONNECTION=@OLD_COLLATION_CONNECTION */;
/*!40111 SET SQL_NOTES=@OLD_SQL_NOTES */;

-- Dump completed on 2023-12-29  1:41:46
